Series Name,Series Code,Country Name,Country Code,1990 [YR1990],2000 [YR2000],2012 [YR2012],2013 [YR2013],2014 [YR2014],2015 [YR2015],2016 [YR2016],2017 [YR2017],2018 [YR2018],2019 [YR2019],2020 [YR2020],2021 [YR2021]
GDP (current US$),NY.GDP.MKTP.CD,Afghanistan,AFG,..,..,20203572960,20564485419,20550582747,19998156214,18019558182,18896352022,18418848300,18904490263,20143442151,14786861638
GDP (current US$),NY.GDP.MKTP.CD,Albania,ALB,2028553750,3480355258,12319830437,12776220507,13228147516,11386850130,11861199831,13019689337,15156432310,15401830754,15131866271,18255787479
GDP (current US$),NY.GDP.MKTP.CD,Algeria,DZA,62048562947,54790392746,2.09059E+11,2.09755E+11,2.1381E+11,1.65979E+11,1.60034E+11,1.70097E+11,1.74911E+11,1.71767E+11,1.45009E+11,1.63044E+11
GDP (current US$),NY.GDP.MKTP.CD,American Samoa,ASM,..,..,640000000,638000000,643000000,673000000,671000000,612000000,639000000,647000000,716000000,709000000
GDP (current US$),NY.GDP.MKTP.CD,Andorra,AND,1029048482,1429049198,3188808943,3193704343,3271808157,2789870188,2896679212,3000180750,3218316013,3155065488,2891022273,3330281524
GDP (current US$),NY.GDP.MKTP.CD,Angola,AGO,11228764963,9129594819,1.24998E+11,1.33402E+11,1.37244E+11,87219300385,49840491178,68972769396,77792944472,69309110146,53619073505,67404287260
GDP (current US$),NY.GDP.MKTP.CD,Antigua and Barbuda,ATG,459470370.4,826370370.4,1199948148,1181448148,1249733333,1336692593,1436585185,1467977778,1605944444,1687533333,1370281481,1471125926
GDP (current US$),NY.GDP.MKTP.CD,Argentina,ARG,1.41352E+11,2.84204E+11,5.45982E+11,5.52025E+11,5.2632E+11,5.94749E+11,5.57531E+11,6.43629E+11,5.2482E+11,4.47755E+11,3.8554E+11,4.87227E+11
GDP (current US$),NY.GDP.MKTP.CD,Armenia,ARM,2256838858,1911563669,10619320049,11121465767,11609512940,10553337673,10546135160,11527458566,12457941907,13619291361,12641697523,13861409969
GDP (current US$),NY.GDP.MKTP.CD,Aruba,ABW,764804469.3,1873184358,2615083799,2727932961,2791061453,2963128492,2983798883,3092178771,3202234637,3368970253,2610038938,3126019399
GDP (current US$),NY.GDP.MKTP.CD,Australia,AUS,3.11434E+11,4.15851E+11,1.54689E+12,1.57638E+12,1.46755E+12,1.35062E+12,1.20654E+12,1.32652E+12,1.42829E+12,1.39223E+12,1.3269E+12,1.55267E+12
GDP (current US$),NY.GDP.MKTP.CD,Austria,AUT,1.66463E+11,1.9729E+11,4.09402E+11,4.30191E+11,4.42585E+11,3.81971E+11,3.95837E+11,4.17261E+11,4.54991E+11,4.44621E+11,4.35225E+11,4.80368E+11
GDP (current US$),NY.GDP.MKTP.CD,Azerbaijan,AZE,8858006036,5272798391,69683935845,74164435946,75244294275,53074370486,37867518957,40865558912,47112941176,48174235294,42693000000,54622176471
GDP (current US$),NY.GDP.MKTP.CD,"Bahamas, The",BHS,3166000000,8076470000,10720500000,10562800000,11176100000,11861900000,11834600000,12357600000,12755800000,13192800000,9699500000,11208600000
GDP (current US$),NY.GDP.MKTP.CD,Bahrain,BHR,4229787234,9062898936,30749308511,32539468085,33387712766,31050638298,32234973404,35473776596,37802005319,38653318085,34723357447,38868663032
GDP (current US$),NY.GDP.MKTP.CD,Bangladesh,BGD,31598341233,53369787319,1.33356E+11,1.4999E+11,1.72885E+11,1.95079E+11,2.65236E+11,2.93755E+11,3.21379E+11,3.51238E+11,3.73902E+11,4.16265E+11
GDP (current US$),NY.GDP.MKTP.CD,Barbados,BRB,2012131457,3059500000,4610096000,4677248300,4696344350,4724691200,4832811750,4981588900,5097283200,5324250000,4671800000,4843800000
GDP (current US$),NY.GDP.MKTP.CD,Belarus,BLR,21650000000,12736856828,65685102555,75527984234,78813839984,56454734397,47722657821,54726595249,60031262269,64409647194,61371126414,68205380707
GDP (current US$),NY.GDP.MKTP.CD,Belgium,BEL,2.05332E+11,2.36792E+11,4.96153E+11,5.21791E+11,5.3539E+11,4.62336E+11,4.76063E+11,5.02765E+11,5.43299E+11,5.35831E+11,5.25212E+11,5.94104E+11
GDP (current US$),NY.GDP.MKTP.CD,Belize,BLZ,549500000,1116000000,1903000000,2029500000,2138000000,2210500000,2258500000,2286000000,2315000000,2416500000,2080000000,2491500000
GDP (current US$),NY.GDP.MKTP.CD,Benin,BEN,1959965244,3519991326,11141358106,12517845128,13284527850,11388160997,11821065852,12701655846,14262408080,14391686309,15651545209,17144918952
GDP (current US$),NY.GDP.MKTP.CD,Bermuda,BMU,1592400000,3480219000,6378188000,6465756000,6413988000,6654541000,6899911000,7142316000,7225977000,7423465000,6887147000,7286607000
GDP (current US$),NY.GDP.MKTP.CD,Bhutan,BTN,287658184,424464089.9,1781281282,1756215665,1907090813,2003598213,2158972129,2450364928,2446866405,2535657069,2325184481,2539552985
GDP (current US$),NY.GDP.MKTP.CD,Bolivia,BOL,4867582598,8397912525,27084497482,30659338886,32996188017,33000198248,33941126200,37508642165,40287647930,40895322844,36629843805,40408208528
GDP (current US$),NY.GDP.MKTP.CD,Bosnia and Herzegovina,BIH,..,5567405605,17226849166,18178503835,18558343305,16211541593,16913330977,18080118186,20183510863,20202479538,19950471171,23365361635
GDP (current US$),NY.GDP.MKTP.CD,Botswana,BWA,3790567052,5788329609,13907510006,14271752527,15470059202,13530738158,15082579074,16105182316,17031901441,16695928793,14930072459,17614791266
GDP (current US$),NY.GDP.MKTP.CD,Brazil,BRA,3.90726E+11,6.55448E+11,2.46519E+12,2.47281E+12,2.45599E+12,1.80221E+12,1.7957E+12,2.06351E+12,1.91695E+12,1.87327E+12,1.44856E+12,1.60898E+12
GDP (current US$),NY.GDP.MKTP.CD,British Virgin Islands,VGB,..,..,..,..,..,..,..,..,..,..,..,..
GDP (current US$),NY.GDP.MKTP.CD,Brunei Darussalam,BRN,3520551724,6001153306,19047940301,18093829923,17098342541,12930394938,11400854268,12128104859,13567351175,13469422959,12005825759,14006569576
GDP (current US$),NY.GDP.MKTP.CD,Bulgaria,BGR,20632090909,13245834315,54300857424,55810138436,57082011260,50781996713,53953897624,59199447421,66363537115,68915875215,70240275010,84056312734
GDP (current US$),NY.GDP.MKTP.CD,Burkina Faso,BFA,3101300642,2968369991,12561016091,13444301139,13943016924,11832159276,12833363370,14106956830,15890065020,16178162030,17933606353,19737615114
GDP (current US$),NY.GDP.MKTP.CD,Burundi,BDI,1132101253,870486065.9,2333341375,2451606684,2705783272,3104003611,2639321161,2712324134,2660123598,2576518846,2649671999,2779813489
GDP (current US$),NY.GDP.MKTP.CD,Cabo Verde,CPV,306891107.3,539227277.6,1741809809,1850470042,1859898513,1596800287,1663008687,1769787215,1966501118,1981845741,1703698677,1936174043
GDP (current US$),NY.GDP.MKTP.CD,Cambodia,KHM,..,3654031716,14054443213,15227991395,16702610842,18049954289,20016747754,22177200512,24571753583,27089389787,25872798012,26961061120
GDP (current US$),NY.GDP.MKTP.CD,Cameroon,CMR,12314482085,10566578953,30155064574,33728622819,36386546918,32210232912,33814337900,36098550142,39973839065,39670977333,40773241531,45338283345
GDP (current US$),NY.GDP.MKTP.CD,Canada,CAN,5.9393E+11,7.44773E+11,1.82837E+12,1.8466E+12,1.80575E+12,1.55651E+12,1.52799E+12,1.64927E+12,1.72533E+12,1.74202E+12,1.64542E+12,1.98834E+12
GDP (current US$),NY.GDP.MKTP.CD,Cayman Islands,CYM,..,..,4291159006,4405954638,4563017881,4708336733,4909498980,5166467299,5530377535,5943589104,5608989200,5898449688
GDP (current US$),NY.GDP.MKTP.CD,Central African Republic,CAF,1440711396,916777282.7,2510126699,1691544192,1894813505,1695825708,1825018191,2072349794,2220978978,2221301401,2326720921,2516498299
GDP (current US$),NY.GDP.MKTP.CD,Chad,TCD,1738605558,1388506727,12367363678,12953535496,13940768066,10950392220,10097778354,10000395242,11239167048,11314951343,10715396135,11779980802
GDP (current US$),NY.GDP.MKTP.CD,Channel Islands,CHI,..,6439403014,..,..,..,..,..,..,..,..,..,..
GDP (current US$),NY.GDP.MKTP.CD,Chile,CHL,33113887819,78249883996,2.67176E+11,2.77239E+11,2.59405E+11,2.42497E+11,2.49299E+11,2.76365E+11,2.95403E+11,2.78585E+11,2.52727E+11,3.17059E+11
GDP (current US$),NY.GDP.MKTP.CD,China,CHN,3.60858E+11,1.21135E+12,8.53223E+12,9.57041E+12,1.04757E+13,1.10616E+13,1.12333E+13,1.23104E+13,1.38948E+13,1.42799E+13,1.46877E+13,1.77341E+13
GDP (current US$),NY.GDP.MKTP.CD,Colombia,COL,47844090710,99886577331,3.70921E+11,3.82116E+11,3.81112E+11,2.93482E+11,2.82825E+11,3.11884E+11,3.34198E+11,3.2311E+11,2.703E+11,3.14464E+11
GDP (current US$),NY.GDP.MKTP.CD,Comoros,COM,429622147.7,351136568.4,1015843369,1116224161,1149587652,966029542,1012835518,1077439663,1188797575,1195019559,1225039231,1296089633
GDP (current US$),NY.GDP.MKTP.CD,"Congo, Dem. Rep.",COD,9349764580,19088046306,29306235826,32679745298,35909040266,37917704900,37134799975,38019265626,47568210069,51775830726,48716960860,55350968593
GDP (current US$),NY.GDP.MKTP.CD,"Congo, Rep.",COG,2798746051,3227927697,17692912613,17958721572,17912908766,11890259136,10219341277,11094822713,13670036996,12750339023,10483151176,13366230220
GDP (current US$),NY.GDP.MKTP.CD,Costa Rica,CRI,5711687787,15013629659,47231651863,50949672206,52016408951,56441917653,58847016045,60516043590,62420165100,64417670083,62158002233,64282438667
GDP (current US$),NY.GDP.MKTP.CD,Cote d'Ivoire,CIV,10795850107,16577533355,36302305578,42760237561,48843008580,45814637971,47964234560,51588158718,58011466451,58539424930,61348579465,70043191477
GDP (current US$),NY.GDP.MKTP.CD,Croatia,HRV,..,21807856145,57369359295,59032066092,58423981441,50242783066,52397494687,56323836170,62316840750,62327983580,57472012427,68955083280
GDP (current US$),NY.GDP.MKTP.CD,Cuba,CUB,28645436569,30565400000,73141000000,77148000000,80656000000,87133000000,91370000000,96851000000,1.0005E+11,1.03428E+11,1.07352E+11,..
GDP (current US$),NY.GDP.MKTP.CD,Curacao,CUW,..,..,3024525140,3039944134,3048435754,3042737430,3014748603,3009497207,3020388827,2995185475,2496174749,2699612458
GDP (current US$),NY.GDP.MKTP.CD,Cyprus,CYP,5591130218,9985844486,25048659900,23961144906,23226782251,19909190059,21046951516,22946726164,25596474965,25944504646,25008448886,28407867534
GDP (current US$),NY.GDP.MKTP.CD,Czechia,CZE,40728950705,61828166496,2.08858E+11,2.11686E+11,2.09359E+11,1.88033E+11,1.96272E+11,2.18629E+11,2.49001E+11,2.52548E+11,2.45975E+11,2.81778E+11
GDP (current US$),NY.GDP.MKTP.CD,Denmark,DNK,1.38247E+11,1.64159E+11,3.27149E+11,3.43584E+11,3.52994E+11,3.02673E+11,3.13116E+11,3.32121E+11,3.56841E+11,3.46499E+11,3.55222E+11,3.98303E+11
GDP (current US$),NY.GDP.MKTP.CD,Djibouti,DJI,452328087.3,551230861.9,1353632942,2042817163,2214679081,2424391785,2604955229,2762581334,2913466732,3088853639,3181071154,3482987379
GDP (current US$),NY.GDP.MKTP.CD,Dominica,DMA,201429629.6,333470370.4,485996296.3,498296296.3,520207407.4,540737037,576229629.6,521551851.9,554770370.4,611537037,504214814.8,554181481.5
GDP (current US$),NY.GDP.MKTP.CD,Dominican Republic,DOM,7073675545,24305717542,60681537196,62682163837,67179914027,71164825257,75704720190,79997975622,85555378043,88941299734,78844702329,94243453937
GDP (current US$),NY.GDP.MKTP.CD,Ecuador,ECU,15239278100,18327764882,87924544000,95129659000,1.01726E+11,99290381000,99937696000,1.04296E+11,1.07562E+11,1.08108E+11,99291124000,1.06166E+11
GDP (current US$),NY.GDP.MKTP.CD,"Egypt, Arab Rep.",EGY,42978914311,99838543960,2.79117E+11,2.88434E+11,3.05595E+11,3.29367E+11,3.32442E+11,2.35734E+11,2.49713E+11,3.03081E+11,3.65253E+11,4.04143E+11
GDP (current US$),NY.GDP.MKTP.CD,El Salvador,SLV,4817542204,11784927700,21386150000,21990960000,22593470000,23438240000,24191430000,24979190000,26020850000,26881140000,24563020000,28736940000
GDP (current US$),NY.GDP.MKTP.CD,Equatorial Guinea,GNQ,112119406.5,1045998496,22388345810,21948835350,21765454404,13185496836,11240809132,12200912828,13097011143,11364133802,10099158075,12269392840
GDP (current US$),NY.GDP.MKTP.CD,Eritrea,ERI,..,706370815.6,..,..,..,..,..,..,..,..,..,..
GDP (current US$),NY.GDP.MKTP.CD,Estonia,EST,..,5686579748,23019150071,25115753366,26634083965,22890762090,24072829277,26924385103,30624720196,31081901909,31370395573,37191166152
GDP (current US$),NY.GDP.MKTP.CD,Eswatini,SWZ,1114703088,1738100853,4886533033,4597532030,4422968340,4063245671,3816022047,4402969226,4665237415,4495264161,3982226055,4743335153
GDP (current US$),NY.GDP.MKTP.CD,Ethiopia,ETH,12175166763,8242392104,43310721414,47648211133,55612228234,64589334979,74296618481,81770791971,84269348327,95912590628,1.07658E+11,1.11271E+11
GDP (current US$),NY.GDP.MKTP.CD,Faroe Islands,FRO,..,1067115339,2427190332,2690116269,2913995546,2573908649,2813286391,2980054219,3188610522,3275706960,3248696902,3649886275
GDP (current US$),NY.GDP.MKTP.CD,Fiji,FJI,1337024782,1678239218,3972012571,4189915667,4857220602,4682546881,4930204220,5353404419,5581371848,5481675173,4477040340,4296304590
GDP (current US$),NY.GDP.MKTP.CD,Finland,FIN,1.41438E+11,1.2602E+11,2.5829E+11,2.71362E+11,2.74863E+11,2.34534E+11,2.40771E+11,2.55648E+11,2.75708E+11,2.68515E+11,2.71892E+11,2.97302E+11
GDP (current US$),NY.GDP.MKTP.CD,France,FRA,1.26918E+12,1.36564E+12,2.68367E+12,2.81188E+12,2.85596E+12,2.43919E+12,2.47296E+12,2.59515E+12,2.79096E+12,2.72887E+12,2.63901E+12,2.95788E+12
GDP (current US$),NY.GDP.MKTP.CD,French Polynesia,PYF,3320159523,3599846539,5692858773,6031828532,6151998958,5325848045,5497037293,5833351478,6135117589,6001384760,5709421969,6054676735
GDP (current US$),NY.GDP.MKTP.CD,Gabon,GAB,5952293766,5080483464,17170465294,17595745653,18203968002,14383107714,14023890620,14929488771,16867326390,16874405460,15314577168,20216843174
GDP (current US$),NY.GDP.MKTP.CD,"Gambia, The",GMB,317083373.5,782915402.4,1415006238,1375608956,1229460602,1378176868,1484579844,1504909753,1670670669,1813608280,1812169484,2038417462
GDP (current US$),NY.GDP.MKTP.CD,Georgia,GEO,7753501868,3057475335,16488403076,17189551521,17627003455,14953950557,15141758567,16242916916,17596922470,17470436259,15842922533,18629365597
GDP (current US$),NY.GDP.MKTP.CD,Germany,DEU,1.77167E+12,1.94798E+12,3.52714E+12,3.7338E+12,3.88909E+12,3.35759E+12,3.46985E+12,3.69085E+12,3.97444E+12,3.88823E+12,3.88967E+12,4.25993E+12
GDP (current US$),NY.GDP.MKTP.CD,Ghana,GHA,5889174825,4983024408,41270954737,62823043706,54782847753,49406568433,56165172899,60406382899,67299280680,68337537816,70043199814,77594279055
GDP (current US$),NY.GDP.MKTP.CD,Gibraltar,GIB,..,..,..,..,..,..,..,..,..,..,..,..
GDP (current US$),NY.GDP.MKTP.CD,Greece,GRC,97891092003,1.30458E+11,2.42029E+11,2.38908E+11,2.35458E+11,1.95684E+11,1.93148E+11,1.99844E+11,2.12049E+11,2.05257E+11,1.88926E+11,2.14874E+11
GDP (current US$),NY.GDP.MKTP.CD,Greenland,GRL,1018970365,1068030830,2609667674,2684952727,2842048998,2499115623,2707146783,2851610656,3055791341,2994332324,3076015347,..
GDP (current US$),NY.GDP.MKTP.CD,Grenada,GRD,278098763,520044370.4,799882259.3,842620111.1,911500000,997007407.4,1061640741,1125681481,1166511111,1213485185,1043414815,1122807407
GDP (current US$),NY.GDP.MKTP.CD,Guam,GUM,..,..,5265000000,5399000000,5610000000,5799000000,5901000000,6013000000,6056000000,6366000000,5886000000,6123000000
GDP (current US$),NY.GDP.MKTP.CD,Guatemala,GTM,7650125217,19288827159,49593961142,52996540704,57852399964,62186186576,66053725049,71654134379,73328024537,77170421168,77625486978,85985752107
GDP (current US$),NY.GDP.MKTP.CD,Guinea,GIN,2666750686,2995361141,7638045254,8376613843,8778473615,8794202444,8595955581,10324668267,11857030337,13442861444,14177835816,16091817842
GDP (current US$),NY.GDP.MKTP.CD,Guinea-Bissau,GNB,243961995.5,371095510,989271229.6,1046087418,1054915645,1048229629,1179004941,1350177128,1504630121,1439638443,1431758243,1638517533
GDP (current US$),NY.GDP.MKTP.CD,Guyana,GUY,396582263.3,712667896.7,4063089192,4167800259,4127659492,4279840194,4482697337,4748174334,4787636237,5173760192,5471256595,8044498801
GDP (current US$),NY.GDP.MKTP.CD,Haiti,HTI,3096289800,6813577558,13708926466,14902474091,15139264670,14833154472,13987693739,15035560373,16455034353,14785839383,14508218017,20944392615
GDP (current US$),NY.GDP.MKTP.CD,Honduras,HND,4923009552,7186650135,18528601901,18499710128,19756494435,20979767785,21717622071,23136232230,24067778954,25089976947,23827840810,28488668302
GDP (current US$),NY.GDP.MKTP.CD,"Hong Kong SAR, China",HKG,76928290842,1.71668E+11,2.62629E+11,2.75697E+11,2.91459E+11,3.09384E+11,3.20858E+11,3.41273E+11,3.61731E+11,3.63052E+11,3.44932E+11,3.69176E+11
GDP (current US$),NY.GDP.MKTP.CD,Hungary,HUN,..,47218405892,1.28814E+11,1.35684E+11,1.41034E+11,1.25174E+11,1.2861E+11,1.43112E+11,1.60565E+11,1.63989E+11,1.57182E+11,1.81848E+11
GDP (current US$),NY.GDP.MKTP.CD,Iceland,ISL,6468736356,9025660362,14751508134,16125060515,17867662178,17517210519,20793168031,24728285177,26264127687,24826102120,21694674810,25602419210
GDP (current US$),NY.GDP.MKTP.CD,India,IND,3.20979E+11,4.68395E+11,1.82764E+12,1.85672E+12,2.03913E+12,2.10359E+12,2.2948E+12,2.65147E+12,2.70293E+12,2.83155E+12,2.66769E+12,3.1763E+12
GDP (current US$),NY.GDP.MKTP.CD,Indonesia,IDN,1.06141E+11,1.65021E+11,9.1787E+11,9.12524E+11,8.90815E+11,8.60854E+11,9.31877E+11,1.01562E+12,1.04227E+12,1.1191E+12,1.05869E+12,1.18609E+12
GDP (current US$),NY.GDP.MKTP.CD,"Iran, Islamic Rep.",IRN,1.24813E+11,1.09592E+11,6.44036E+11,4.92776E+11,4.60383E+11,4.08213E+11,4.57955E+11,4.8663E+11,3.31682E+11,2.83747E+11,2.39736E+11,3.59713E+11
GDP (current US$),NY.GDP.MKTP.CD,Iraq,IRQ,1.80408E+11,48364250944,2.18002E+11,2.34638E+11,2.28416E+11,1.66774E+11,1.66602E+11,1.87218E+11,2.27367E+11,2.33636E+11,1.8437E+11,2.07889E+11
GDP (current US$),NY.GDP.MKTP.CD,Ireland,IRL,49305632408,1.00208E+11,2.25629E+11,2.38341E+11,2.59171E+11,2.91775E+11,2.99091E+11,3.36378E+11,3.85737E+11,3.99322E+11,4.25852E+11,5.04183E+11
GDP (current US$),NY.GDP.MKTP.CD,Isle of Man,IMN,..,1563667800,6690725118,7000748788,7708834951,7085288006,6846691871,6979581725,7491969313,7315388052,..,..
GDP (current US$),NY.GDP.MKTP.CD,Israel,ISR,..,1.36036E+11,2.62282E+11,2.97733E+11,3.1433E+11,3.03414E+11,3.22103E+11,3.58245E+11,3.76692E+11,4.02471E+11,4.13268E+11,4.88527E+11
GDP (current US$),NY.GDP.MKTP.CD,Italy,ITA,1.18122E+12,1.14668E+12,2.08696E+12,2.14192E+12,2.16201E+12,1.83664E+12,1.87707E+12,1.9618E+12,2.09193E+12,2.0113E+12,1.89676E+12,2.1077E+12
GDP (current US$),NY.GDP.MKTP.CD,Jamaica,JAM,4592224067,9005064475,14807086889,14264202737,13899228824,14188935948,14077109397,14808989993,15730793853,15830768550,13812425037,14657586937
GDP (current US$),NY.GDP.MKTP.CD,Japan,JPN,3.13282E+12,4.96836E+12,6.27236E+12,5.21233E+12,4.89699E+12,4.44493E+12,5.00368E+12,4.93084E+12,5.03784E+12,5.12332E+12,5.04011E+12,4.94088E+12
GDP (current US$),NY.GDP.MKTP.CD,Jordan,JOR,4160162724,8460789845,31634561670,34454440181,36847643587,38587017944,39892551149,41608435922,43370860549,44993992365,44182298292,45744271659
GDP (current US$),NY.GDP.MKTP.CD,Kazakhstan,KAZ,26932729103,18291994909,2.07999E+11,2.36635E+11,2.21416E+11,1.84388E+11,1.37278E+11,1.66806E+11,1.7934E+11,1.81667E+11,1.71082E+11,1.97112E+11
GDP (current US$),NY.GDP.MKTP.CD,Kenya,KEN,8572359163,12705357103,56396706006,61671425370,68285768554,70120413329,74815121315,82035800868,92202956321,1.0038E+11,1.00667E+11,1.10347E+11
GDP (current US$),NY.GDP.MKTP.CD,Kiribati,KIR,42931855.44,67254174.4,189630151.2,184550782,177862267.9,170291037.5,178509812.7,188192060.1,196230573.8,177935349.3,180911843.6,207031250
GDP (current US$),NY.GDP.MKTP.CD,"Korea, Dem. People's Rep.",PRK,..,..,..,..,..,..,..,..,..,..,..,..
GDP (current US$),NY.GDP.MKTP.CD,"Korea, Rep.",KOR,2.83368E+11,5.76178E+11,1.27843E+12,1.3708E+12,1.48432E+12,1.46577E+12,1.50011E+12,1.6239E+12,1.72485E+12,1.65142E+12,1.64431E+12,1.81096E+12
GDP (current US$),NY.GDP.MKTP.CD,Kosovo,XKX,..,..,6163785173,6735731173,7074657898,6295820482,6682832632,7180813376,7878508503,7899879086,7716925356,9412034299
GDP (current US$),NY.GDP.MKTP.CD,Kuwait,KWT,18427777778,37712842243,1.7407E+11,1.74161E+11,1.62631E+11,1.14567E+11,1.0942E+11,1.20707E+11,1.38182E+11,1.36197E+11,1.0596E+11,..
GDP (current US$),NY.GDP.MKTP.CD,Kyrgyz Republic,KGZ,2675000000,1369688498,6605139933,7335027592,7468096567,6678178340,6813092066,7702934800,8271108638,8871026074,7780874537,8543423503
GDP (current US$),NY.GDP.MKTP.CD,Lao PDR,LAO,865559856.2,1731198022,10192848926,11983252611,13279248479,14426381187,15912495369,17071162084,18141651381,18740559554,18981800705,18827148510
GDP (current US$),NY.GDP.MKTP.CD,Latvia,LVA,..,7958852839,28169902669,30204783462,31386896487,27263090547,28083597512,30483806018,34429023435,34343961073,34601740323,39853501580
GDP (current US$),NY.GDP.MKTP.CD,Lebanon,LBN,2838485354,17260364842,44016799516,46880103081,48095213746,49929337837,51147308774,53027680686,54901519156,51953744530,31712128254,23131940281
GDP (current US$),NY.GDP.MKTP.CD,Lesotho,LSO,596415104.5,887295267.9,2477702253,2367113170,2441053176,2359759799,2114428033,2306741845,2553495916,2453980835,2231214507,2496134680
GDP (current US$),NY.GDP.MKTP.CD,Liberia,LBR,..,874000000,2791614000,3177198100,3225652000,3227075700,3398419600,3390703400,3422754800,3319596500,3039982500,3509000000
GDP (current US$),NY.GDP.MKTP.CD,Libya,LBY,28901836158,38270206950,92538004280,75350633011,57372445772,48717854040,49910960875,67158415842,76684175824,69252306372,50357312595,42817472975
GDP (current US$),NY.GDP.MKTP.CD,Liechtenstein,LIE,1421466240,2483953103,5456009385,6391735894,6657170923,6268391521,6237264055,6474256119,6692504346,6427248943,6113951012,..
GDP (current US$),NY.GDP.MKTP.CD,Lithuania,LTU,..,11524776867,42927454291,46523420074,48533659592,41435533340,43047309306,47758736932,53751411409,54751510088,56846622904,66445256585
GDP (current US$),NY.GDP.MKTP.CD,Luxembourg,LUX,12778792854,21230182989,59776383527,65203276467,68804811898,60071584216,62216885436,65712180343,71000359760,69825641851,73992591285,85506243834
GDP (current US$),NY.GDP.MKTP.CD,"Macao SAR, China",MAC,3246477995,6774193548,43189526778,51536304808,54903031138,45047964934,45070605746,50440941939,55284360483,55204758070,25459563655,30123914809
GDP (current US$),NY.GDP.MKTP.CD,Madagascar,MDG,3931334871,4629247091,11578974888,12423555269,12522957228,11323020829,11848613735,13176313594,13760033097,14104664515,13051441059,14472603323
GDP (current US$),NY.GDP.MKTP.CD,Malawi,MWI,1880771556,1743506531,6028487929,5518880769,6047813437,6373212641,5433040160,8943543677,9880675786,11025371147,12182348213,12626717492
GDP (current US$),NY.GDP.MKTP.CD,Malaysia,MYS,44024178343,93789736842,3.14443E+11,3.23277E+11,3.38062E+11,3.01355E+11,3.01255E+11,3.19112E+11,3.58792E+11,3.65175E+11,3.37338E+11,3.72981E+11
GDP (current US$),NY.GDP.MKTP.CD,Maldives,MDV,215043969.8,624337145.3,2886170572,3295011382,3697351597,4109424800,4379136462,4754175869,5300962660,5609400722,3746321936,5405576236
GDP (current US$),NY.GDP.MKTP.CD,Mali,MLI,2681912149,2961484954,12442036265,13242691430,14364937997,13104764334,14026048691,15365711725,17070866299,17280251194,17465392916,19140461606
GDP (current US$),NY.GDP.MKTP.CD,Malta,MLT,2547163582,4323339212,9462289606,10551600478,11626278730,11091423499,11668253265,13489380931,15298771847,15725847979,14933066819,17364044944
GDP (current US$),NY.GDP.MKTP.CD,Marshall Islands,MHL,78476000,115347500,179855800,185468000,185172900,182997300,200716000,212701200,219330300,232092300,241722400,259538700
GDP (current US$),NY.GDP.MKTP.CD,Mauritania,MRT,1506914408,1779523344,6728208836,7223063170,6592537782,6166857629,6398738829,6800141922,7473550557,8066126312,8405491202,9996249658
GDP (current US$),NY.GDP.MKTP.CD,Mauritius,MUS,2653480001,4663313620,11668685524,12292957324,13074137210,12007291046,12594149441,13713509312,14735695931,14436353898,11401050655,11529042672
GDP (current US$),NY.GDP.MKTP.CD,Mexico,MEX,2.61254E+11,7.07907E+11,1.20109E+12,1.27444E+12,1.31535E+12,1.17187E+12,1.07849E+12,1.15891E+12,1.22241E+12,1.26901E+12,1.09052E+12,1.27284E+12
GDP (current US$),NY.GDP.MKTP.CD,"Micronesia, Fed. Sts.",FSM,147200000,233271800,327248700,317214400,319271200,316489900,332265200,366666800,401932300,412000000,408000000,404028900
GDP (current US$),NY.GDP.MKTP.CD,Moldova,MDA,..,1288429392,8709138765,9496717702,9510198962,7745241913,8071469355,9669741744,11457443185,11971345003,11859730544,13679221333
GDP (current US$),NY.GDP.MKTP.CD,Monaco,MCO,2481316054,2647885849,5743029680,6555983530,7069616049,6261622101,6472990923,6431314957,7194024563,7383745662,6739691605,8596096984
GDP (current US$),NY.GDP.MKTP.CD,Mongolia,MNG,2560785660,1136896124,12292770631,12582122604,12226514722,11619892396,11181350461,11480847745,13178094459,14206359007,13312981595,15286441818
GDP (current US$),NY.GDP.MKTP.CD,Montenegro,MNE,..,984297589.4,4087725813,4466039315,4594024180,4054712083,4377033429,4856632399,5506766651,5542053845,4769860741,5861268039
GDP (current US$),NY.GDP.MKTP.CD,Morocco,MAR,30180108562,38857251336,98266306615,1.06826E+11,1.19131E+11,1.10414E+11,1.11573E+11,1.18541E+11,1.27341E+11,1.2892E+11,1.21348E+11,1.42866E+11
GDP (current US$),NY.GDP.MKTP.CD,Mozambique,MOZ,..,5656473652,16350804543,16974320551,17716084108,15950969019,11936999283,13219084261,14845402474,15390039242,14028811072,15776758633
GDP (current US$),NY.GDP.MKTP.CD,Myanmar,MMR,2036373523,6849321646,58318677645,60572257122,63264892768,63045305229,60291736894,61449392056,67144725831,68697759361,78930257227,65091751273
GDP (current US$),NY.GDP.MKTP.CD,Namibia,NAM,2789944498,3922247990,13042007432,12043276401,12435416063,11335179561,10721994676,12895153157,13682062251,12541928105,10581585630,12310595844
GDP (current US$),NY.GDP.MKTP.CD,Nauru,NRU,..,..,96927201.48,98491843.64,104654365.2,86529661.37,99723394.96,109359680.2,124021393.7,118724073.8,114626625.6,133218896.9
GDP (current US$),NY.GDP.MKTP.CD,Nepal,NPL,3627562403,5494252208,21703106502,22162208956,22731602970,24360795411,24524098185,28971589213,33111525872,34186190996,33433670512,36288830373
GDP (current US$),NY.GDP.MKTP.CD,Netherlands,NLD,3.18331E+11,4.17479E+11,8.38923E+11,8.77173E+11,8.92168E+11,7.65573E+11,7.8406E+11,8.3387E+11,9.14043E+11,9.10194E+11,9.09793E+11,1.01285E+12
GDP (current US$),NY.GDP.MKTP.CD,New Caledonia,NCL,2529440424,3420033047,9659153061,10151385306,10635039739,8738205837,8724570250,9173668102,9846922416,9438130987,9435529927,10071351960
GDP (current US$),NY.GDP.MKTP.CD,New Zealand,NZL,45495129385,52623281957,1.76207E+11,1.90907E+11,2.01313E+11,1.78064E+11,1.88838E+11,2.06624E+11,2.11953E+11,2.13435E+11,2.11735E+11,2.49886E+11
GDP (current US$),NY.GDP.MKTP.CD,Nicaragua,NIC,1009455484,5107329007,10532006608,10982979274,11880434071,12756706583,13286083645,13785909906,13025239912,12596636042,12586970511,14013022092
GDP (current US$),NY.GDP.MKTP.CD,Niger,NER,3512356353,2241753120,9426913349,10224897935,10862944204,9683867894,10398862245,11185102400,12808660528,12916455161,13744174690,14915001427
GDP (current US$),NY.GDP.MKTP.CD,Nigeria,NGA,54035795388,69448756933,4.63971E+11,5.20117E+11,5.74184E+11,4.93027E+11,4.04649E+11,3.75746E+11,4.21739E+11,4.4812E+11,4.32199E+11,4.40834E+11
GDP (current US$),NY.GDP.MKTP.CD,North Macedonia,MKD,4699646643,3772857145,9745251126,10817712139,11362272838,10064515432,10672471861,11307058382,12683070061,12606338449,12363580535,13825049832
GDP (current US$),NY.GDP.MKTP.CD,Northern Mariana Islands,MNP,..,..,746000000,772000000,832000000,910000000,1230000000,1560000000,1302000000,1182000000,..,..
GDP (current US$),NY.GDP.MKTP.CD,Norway,NOR,1.19792E+11,1.71247E+11,5.09506E+11,5.22762E+11,4.9841E+11,3.85802E+11,3.68827E+11,3.98394E+11,4.37E+11,4.04941E+11,3.62198E+11,4.82175E+11
GDP (current US$),NY.GDP.MKTP.CD,Oman,OMN,11685045514,19507452536,87408842653,89936020806,92699089727,78710793238,75128738622,80856697009,91505851756,88060858257,75909397659,88191977373
GDP (current US$),NY.GDP.MKTP.CD,Pakistan,PAK,40010423970,82017743416,2.24384E+11,2.31219E+11,2.44361E+11,2.70556E+11,3.1363E+11,3.39206E+11,3.56128E+11,3.20909E+11,3.00426E+11,3.48263E+11
GDP (current US$),NY.GDP.MKTP.CD,Palau,PLW,..,146297500,212397800,221117200,241669800,280457700,298300000,285600000,284900000,278900000,251900000,217800000
GDP (current US$),NY.GDP.MKTP.CD,Panama,PAN,6433967000,12304115000,40429700000,45599900000,49921400000,54091800000,57907700000,62202700000,64929400000,66984400000,53977000000,63605100000
GDP (current US$),NY.GDP.MKTP.CD,Papua New Guinea,PNG,3219730365,3521339699,21295659244,21261432791,23210682538,21723531173,20759069103,22742613554,24109509853,24751344561,23848265896,26594305746
GDP (current US$),NY.GDP.MKTP.CD,Paraguay,PRY,5812114523,8855705140,33271921136,38501122141,40377929296,36211447840,36089700223,38997129474,40225448341,37925338329,35432178068,39495431574
GDP (current US$),NY.GDP.MKTP.CD,Peru,PER,26410386669,51744749133,1.92649E+11,2.01175E+11,2.00789E+11,1.89805E+11,1.91896E+11,2.11007E+11,2.22597E+11,2.28323E+11,2.01705E+11,2.23249E+11
GDP (current US$),NY.GDP.MKTP.CD,Philippines,PHL,50508286642,83669693589,2.61921E+11,2.83903E+11,2.97483E+11,3.06446E+11,3.18627E+11,3.28481E+11,3.46842E+11,3.76823E+11,3.61751E+11,3.94086E+11
GDP (current US$),NY.GDP.MKTP.CD,Poland,POL,65977749037,1.72219E+11,4.95237E+11,5.15765E+11,5.39088E+11,4.77111E+11,4.70023E+11,5.24646E+11,5.88783E+11,5.96055E+11,5.99449E+11,6.79445E+11
GDP (current US$),NY.GDP.MKTP.CD,Portugal,PRT,78713860217,1.18605E+11,2.16224E+11,2.26434E+11,2.29902E+11,1.99394E+11,2.06426E+11,2.21358E+11,2.42313E+11,2.39987E+11,2.29032E+11,2.53663E+11
GDP (current US$),NY.GDP.MKTP.CD,Puerto Rico,PRI,30603919000,61701800000,1.01565E+11,1.0245E+11,1.02446E+11,1.03376E+11,1.04337E+11,1.03446E+11,1.00958E+11,1.05126E+11,1.0302E+11,1.06526E+11
GDP (current US$),NY.GDP.MKTP.CD,Qatar,QAT,7360439423,17759890110,1.86834E+11,1.98728E+11,2.06225E+11,1.6174E+11,1.51732E+11,1.61099E+11,1.83335E+11,1.75838E+11,1.44411E+11,1.79677E+11
GDP (current US$),NY.GDP.MKTP.CD,Romania,ROU,38995454545,37253259017,1.79133E+11,1.8979E+11,1.99712E+11,1.77882E+11,1.85287E+11,2.10147E+11,2.43317E+11,2.51019E+11,2.51362E+11,2.84088E+11
GDP (current US$),NY.GDP.MKTP.CD,Russian Federation,RUS,5.16814E+11,2.5971E+11,2.2083E+12,2.29247E+12,2.05924E+12,1.36348E+12,1.27679E+12,1.5742E+12,1.65733E+12,1.69311E+12,1.48936E+12,1.77878E+12
GDP (current US$),NY.GDP.MKTP.CD,Rwanda,RWA,2550185618,2067579822,7650671477,7815975294,8234762201,8539424910,8690878328,9252834120,9642440646,10356327149,10184345442,11070356519
GDP (current US$),NY.GDP.MKTP.CD,Samoa,WSM,125766269.8,258856139.8,773157453.3,797728653.3,796698269.2,824160018.2,843929640,884847176.2,878435084.2,912944537.8,868904477.7,843842416.5
GDP (current US$),NY.GDP.MKTP.CD,San Marino,SMR,..,1005159388,1604779648,1678841812,1673973695,1419394771,1468377272,1528630707,1655300873,1616188702,1541204338,..
GDP (current US$),NY.GDP.MKTP.CD,Sao Tome and Principe,STP,..,..,250680845.7,300554483.6,346528329.2,316066072.3,345495615,375614126.2,412253809.7,427425039.7,472551022.5,526653790.7
GDP (current US$),NY.GDP.MKTP.CD,Saudi Arabia,SAU,1.1763E+11,1.89515E+11,7.35975E+11,7.46647E+11,7.5635E+11,6.5427E+11,6.44936E+11,6.88586E+11,8.16579E+11,8.03616E+11,7.03368E+11,8.33541E+11
GDP (current US$),NY.GDP.MKTP.CD,Senegal,SEN,7390967035,6013184809,17660871726,18918668644,19797254643,17774766636,19040312815,20996564752,23116897847,23398811424,24493157583,27625388352
GDP (current US$),NY.GDP.MKTP.CD,Serbia,SRB,..,6875845987,43309252921,48394239475,47062206678,39655958843,40692643373,44179055280,50640650221,51514222382,53356480454,63082047650
GDP (current US$),NY.GDP.MKTP.CD,Seychelles,SYC,368584758.9,614879764.8,1059498884,1328091522,1387581392,1416001322,1490228319,1573433081,1636312010,1684373490,1261198524,1454458184
GDP (current US$),NY.GDP.MKTP.CD,Sierra Leone,SLE,649644826.8,635874002.2,3801862611,4920343195,5015157816,4218723875,3674794530,3719369107,4085114794,4076578543,4063289450,4042237864
GDP (current US$),NY.GDP.MKTP.CD,Singapore,SGP,36144336769,96074477958,2.95087E+11,3.07576E+11,3.14851E+11,3.08004E+11,3.18832E+11,3.43193E+11,3.76998E+11,3.75473E+11,3.45296E+11,3.96987E+11
GDP (current US$),NY.GDP.MKTP.CD,Sint Maarten (Dutch part),SXM,..,..,985865921.8,1022905028,1245251397,1253072626,1263687151,1191620112,1185474860,..,..,..
GDP (current US$),NY.GDP.MKTP.CD,Slovak Republic,SVK,12747380650,29242558797,94623731086,98935222175,1.01437E+11,88900883131,89952699525,95649966261,1.06138E+11,1.0572E+11,1.06697E+11,1.16527E+11
GDP (current US$),NY.GDP.MKTP.CD,Slovenia,SVN,..,20289627637,46577793184,48415657265,49997186439,43107506024,44766722791,48589100043,54177882426,54331588482,53706800044,61748586535
GDP (current US$),NY.GDP.MKTP.CD,Solomon Islands,SLB,214877638.4,419845231.8,1185215902,1285917750,1335579570,1307908070,1379482147,1469787256,1615479409,1619154819,1536148246,1631486532
GDP (current US$),NY.GDP.MKTP.CD,Somalia,SOM,917044228,..,..,4577000000,5024999992,5335000000,5534000000,5609000000,5856000006,6485000000,6883000000,7628000011
GDP (current US$),NY.GDP.MKTP.CD,South Africa,ZAF,1.26048E+11,1.51753E+11,4.34401E+11,4.00886E+11,3.81199E+11,3.4671E+11,3.23586E+11,3.81449E+11,4.0416E+11,3.88532E+11,3.3762E+11,4.19015E+11
GDP (current US$),NY.GDP.MKTP.CD,South Sudan,SSD,..,..,11931472169,18426469017,13962212847,11997800760,..,..,..,..,..,..
GDP (current US$),NY.GDP.MKTP.CD,Spain,ESP,5.36559E+11,5.98363E+11,1.32475E+12,1.35558E+12,1.37182E+12,1.19616E+12,1.23355E+12,1.31325E+12,1.4217E+12,1.39432E+12,1.27696E+12,1.42738E+12
GDP (current US$),NY.GDP.MKTP.CD,Sri Lanka,LKA,8032551173,16330814180,70447191496,77000596661,82528526230,85140963537,88012262257,94376246467,94493847352,89014990792,85349112171,88927263725
GDP (current US$),NY.GDP.MKTP.CD,St. Kitts and Nevis,KNA,217259259.3,421695769.8,826231629.6,875376407.4,953174074.1,957040740.7,1008100000,1058937037,1076911111,1107840741,884525925.9,860840740.7
GDP (current US$),NY.GDP.MKTP.CD,St. Lucia,LCA,579629629.6,932592592.6,1605146778,1664816741,1749289303,1807227215,1865459670,1996710563,2057067919,2094201725,1516015719,1691275157
GDP (current US$),NY.GDP.MKTP.CD,St. Martin (French part),MAF,..,..,..,..,772950710.8,..,..,..,..,..,..,..
GDP (current US$),NY.GDP.MKTP.CD,St. Vincent and the Grenadines,VCT,240366666.7,427946037,730032592.6,764781259.3,770901444.4,786554592.6,814302259.3,847620222.2,884328185.2,910149703.7,872134555.6,904181492.8
GDP (current US$),NY.GDP.MKTP.CD,Sudan,SDN,33641222222,12257418326,63195499524,66026600235,76818327442,84985132167,1.02944E+11,1.29718E+11,32333780383,32338079165,27034593750,34326058557
GDP (current US$),NY.GDP.MKTP.CD,Suriname,SUR,388400000,947671969.7,4980000000,5145757576,5240606061,5126188135,3317437626,3591660724,3996204757,4016040575,2911807496,2984706244
GDP (current US$),NY.GDP.MKTP.CD,Sweden,SWE,2.61846E+11,2.62835E+11,5.52484E+11,5.86842E+11,5.81964E+11,5.05104E+11,5.15655E+11,5.41019E+11,5.55455E+11,5.3388E+11,5.47054E+11,6.35664E+11
GDP (current US$),NY.GDP.MKTP.CD,Switzerland,CHE,2.65764E+11,2.79216E+11,6.8642E+11,7.06235E+11,7.26538E+11,6.94118E+11,6.87895E+11,6.95201E+11,7.25569E+11,7.21369E+11,7.39914E+11,8.0064E+11
GDP (current US$),NY.GDP.MKTP.CD,Syrian Arab Republic,SYR,23904498886,80590022272,43190317725,21361254648,21502061462,16468399180,12598742887,16369724433,21351730539,22443299775,11079795397,..
GDP (current US$),NY.GDP.MKTP.CD,Tajikistan,TJK,2631768953,860521119.3,7633049792,8448469838,9112544556,8271454301,6992393787,7536439875,7765014424,8300784857,8133996648,8746270636
GDP (current US$),NY.GDP.MKTP.CD,Tanzania,TZA,4258743263,13375976354,39650522646,45680532614,49964825081,47378603784,49774004999,53320647489,57003685912,61136873692,62409709111,67841049193
GDP (current US$),NY.GDP.MKTP.CD,Thailand,THA,85343063966,1.26392E+11,3.97558E+11,4.20333E+11,4.07339E+11,4.01296E+11,4.13366E+11,4.56357E+11,5.06755E+11,5.44081E+11,4.99682E+11,5.05947E+11
GDP (current US$),NY.GDP.MKTP.CD,Timor-Leste,TLS,..,367087900,1160389551,1395519568,1447310449,1594447631,1650619370,1595724261,1563887944,2028551628,2158392540,3621222382
GDP (current US$),NY.GDP.MKTP.CD,Togo,TGO,1628427515,1491891108,3873308389,4321655656,4574986537,4180866177,6031632168,6395472574,7112200725,7220395248,7574636979,8413200568
GDP (current US$),NY.GDP.MKTP.CD,Tonga,TON,113563821.6,204849612.6,470714083.4,450643615.2,439878828,437006227.2,420540178.6,460379145,488903272.9,512057749,484806718.3,469231309.5
GDP (current US$),NY.GDP.MKTP.CD,Trinidad and Tobago,TTO,5068000000,8154338233,27121712423,28557451143,29489012807,26851970254,23496215885,23797686966,24322359035,23849557812,21059428851,24460196271
GDP (current US$),NY.GDP.MKTP.CD,Tunisia,TUN,12290568182,21473261837,47311159485,48684187850,50271072628,45780077488,44360754190,42163966273,42685972269,41906113686,42537832456,46686741814
GDP (current US$),NY.GDP.MKTP.CD,Turkiye,TUR,1.50676E+11,2.74303E+11,8.80556E+11,9.57783E+11,9.38953E+11,8.64317E+11,8.69693E+11,8.58996E+11,7.78472E+11,7.59937E+11,7.20289E+11,8.19035E+11
GDP (current US$),NY.GDP.MKTP.CD,Turkmenistan,TKM,3188097768,2904662605,35164210526,39197543860,43524210526,35799714286,36169428571,37926285714,40765428571,45231428571,..,..
GDP (current US$),NY.GDP.MKTP.CD,Turks and Caicos Islands,TCA,..,..,727161000,754238000,841070000,942070000,1032452000,1022365000,1113178000,1197415000,924583000,943269800
GDP (current US$),NY.GDP.MKTP.CD,Tuvalu,TUV,8824447.74,15074211.5,39345620.21,38617493.72,38759689.92,36811659.53,41629497.47,45217657.88,47818290.5,54223149.11,55054710.62,63100961.54
GDP (current US$),NY.GDP.MKTP.CD,Uganda,UGA,4304398866,6193246837,27305915761,28915786997,32612397758,32387183845,29203988815,30744473912,32927025573,35353060634,37600368181,40529789026
GDP (current US$),NY.GDP.MKTP.CD,Ukraine,UKR,81393558423,32375280321,1.82592E+11,1.90499E+11,1.33503E+11,91030959455,93355993629,1.12091E+11,1.30891E+11,1.53883E+11,1.56618E+11,2.00086E+11
GDP (current US$),NY.GDP.MKTP.CD,United Arab Emirates,ARE,50701443748,1.04337E+11,3.8461E+11,4.00219E+11,4.14105E+11,3.70275E+11,3.69255E+11,3.90517E+11,4.27049E+11,4.1799E+11,3.49473E+11,4.15022E+11
GDP (current US$),NY.GDP.MKTP.CD,United Kingdom,GBR,1.09317E+12,1.66613E+12,2.70634E+12,2.78632E+12,3.06522E+12,2.93486E+12,2.69966E+12,2.6834E+12,2.87815E+12,2.85706E+12,2.70461E+12,3.13138E+12
GDP (current US$),NY.GDP.MKTP.CD,United States,USA,5.96314E+12,1.02509E+13,1.6254E+13,1.68432E+13,1.75507E+13,1.8206E+13,1.86951E+13,1.94773E+13,2.05331E+13,2.1381E+13,2.10605E+13,2.33151E+13
GDP (current US$),NY.GDP.MKTP.CD,Uruguay,URY,9298839655,22823255802,51264390116,57531233351,57236013086,53274304222,57236652490,64233966861,64515038268,61231149881,53560755047,59319484711
GDP (current US$),NY.GDP.MKTP.CD,Uzbekistan,UZB,13360607918,13760513969,67517349212,73180036692,80845384375,86196265192,86138288615,62081323299,52633143808,59907674027,59894305353,69238903106
GDP (current US$),NY.GDP.MKTP.CD,Vanuatu,VUT,168879207.2,272014693.1,747839697.7,758304466.2,772315721.3,730870581.7,780889605.9,880062103,914736985.4,936526267.6,896879875.2,956332655.7
GDP (current US$),NY.GDP.MKTP.CD,"Venezuela, RB",VEN,48598315565,1.17141E+11,3.81286E+11,3.71005E+11,4.82359E+11,..,..,..,..,..,..,..
GDP (current US$),NY.GDP.MKTP.CD,Vietnam,VNM,6471740806,31172518403,1.95591E+11,2.13709E+11,2.33451E+11,2.39258E+11,2.57096E+11,2.81354E+11,3.10106E+11,3.34365E+11,3.46616E+11,3.66138E+11
GDP (current US$),NY.GDP.MKTP.CD,Virgin Islands (U.S.),VIR,..,..,4089000000,3738000000,3565000000,3663000000,3798000000,3794000000,3922000000,4117000000,4204000000,..
GDP (current US$),NY.GDP.MKTP.CD,West Bank and Gaza,PSE,..,4313600000,12208400000,13515500000,13989700000,13972400000,15405400000,16128000000,16276600000,17133500000,15531700000,18036800000
GDP (current US$),NY.GDP.MKTP.CD,"Yemen, Rep.",YEM,5647119229,9652436180,35401323350,40415233436,43228585321,42444495590,31317828584,26842231205,21606161066,..,..,..
GDP (current US$),NY.GDP.MKTP.CD,Zambia,ZMB,3285217391,3600683040,25503060420,28037239463,27141023558,21251216799,20958412538,25873601261,26311590297,23308667781,18110631358,22147634727
GDP (current US$),NY.GDP.MKTP.CD,Zimbabwe,ZWE,8783816700,6689957600,17114849880,19091019990,19495519630,19963120610,20548678070,17584890937,34156069918,21832234926,21509698406,28371238666
GDP (current US$),NY.GDP.MKTP.CD,Africa Eastern and Southern,AFE,2.53227E+11,2.83928E+11,9.72573E+11,9.83473E+11,1.00377E+12,9.24523E+11,8.82721E+11,1.02112E+12,1.00724E+12,1.00102E+12,9.27484E+11,1.08071E+12
GDP (current US$),NY.GDP.MKTP.CD,Africa Western and Central,AFW,1.21802E+11,1.4041E+11,7.3604E+11,8.32217E+11,8.92498E+11,7.66958E+11,6.90545E+11,6.83748E+11,7.6636E+11,7.94719E+11,7.848E+11,8.40187E+11
GDP (current US$),NY.GDP.MKTP.CD,Arab World,ARB,6.44066E+11,8.16019E+11,2.78717E+12,2.84353E+12,2.89546E+12,2.53893E+12,2.51649E+12,2.59809E+12,2.80043E+12,2.8185E+12,2.49081E+12,2.86072E+12
GDP (current US$),NY.GDP.MKTP.CD,Caribbean small states,CSS,18149092106,34533832085,73852722208,75232098979,76921757096,75669285316,71061689480,73590179850,76350610223,77428424854,65896805290,75295300457
GDP (current US$),NY.GDP.MKTP.CD,Central Europe and the Baltics,CEB,2.56288E+11,4.28275E+11,1.35903E+12,1.41696E+12,1.46269E+12,1.29282E+12,1.31647E+12,1.46146E+12,1.64947E+12,1.67508E+12,1.6649E+12,1.90194E+12
GDP (current US$),NY.GDP.MKTP.CD,Early-demographic dividend,EAR,1.86005E+12,3.38637E+12,1.01563E+13,1.02976E+13,1.06514E+13,1.01317E+13,1.04582E+13,1.12951E+13,1.14219E+13,1.16379E+13,1.08496E+13,1.26332E+13
GDP (current US$),NY.GDP.MKTP.CD,East Asia & Pacific,EAS,4.73819E+12,8.37499E+12,2.11722E+13,2.14107E+13,2.20862E+13,2.19972E+13,2.2772E+13,2.43249E+13,2.64823E+13,2.70283E+13,2.71273E+13,3.09117E+13
GDP (current US$),NY.GDP.MKTP.CD,East Asia & Pacific (excluding high income),EAP,6.67367E+11,1.73467E+12,1.07592E+13,1.18711E+13,1.27988E+13,1.33276E+13,1.36125E+13,1.48773E+13,1.66404E+13,1.72079E+13,1.74869E+13,2.07518E+13
GDP (current US$),NY.GDP.MKTP.CD,East Asia & Pacific (IDA & IBRD countries),TEA,6.66366E+11,1.73207E+12,1.07451E+13,1.18557E+13,1.27822E+13,1.33103E+13,1.35948E+13,1.48581E+13,1.6619E+13,1.71857E+13,1.74644E+13,2.07252E+13
GDP (current US$),NY.GDP.MKTP.CD,Euro area,EMU,5.88069E+12,6.49576E+12,1.26388E+13,1.31963E+13,1.35101E+13,1.16755E+13,1.19737E+13,1.26797E+13,1.36982E+13,1.34182E+13,1.30855E+13,1.45633E+13
GDP (current US$),NY.GDP.MKTP.CD,Europe & Central Asia,ECS,8.86059E+12,1.0066E+13,2.24498E+13,2.34525E+13,2.37797E+13,2.04841E+13,2.04186E+13,2.16539E+13,2.31936E+13,2.291E+13,2.214E+13,2.50828E+13
GDP (current US$),NY.GDP.MKTP.CD,Europe & Central Asia (excluding high income),ECA,8.93026E+11,6.62874E+11,3.9147E+12,4.15023E+12,3.84583E+12,2.9214E+12,2.77773E+12,3.11819E+12,3.18254E+12,3.24864E+12,2.98263E+12,3.51737E+12
GDP (current US$),NY.GDP.MKTP.CD,Europe & Central Asia (IDA & IBRD countries),TEC,1.02004E+12,8.94229E+11,4.64644E+12,4.91482E+12,4.64305E+12,3.62663E+12,3.48544E+12,3.90931E+12,4.07695E+12,4.15804E+12,3.89172E+12,4.55039E+12
GDP (current US$),NY.GDP.MKTP.CD,European Union,EUU,6.49842E+12,7.27632E+12,1.46421E+13,1.52945E+13,1.56497E+13,1.35525E+13,1.3889E+13,1.47649E+13,1.59808E+13,1.56934E+13,1.53694E+13,1.71774E+13
GDP (current US$),NY.GDP.MKTP.CD,Fragile and conflict affected situations,FCS,5.51336E+11,5.25774E+11,1.88559E+12,1.95725E+12,2.07651E+12,1.6586E+12,1.55475E+12,1.64492E+12,1.72958E+12,1.79432E+12,1.67052E+12,1.78734E+12
GDP (current US$),NY.GDP.MKTP.CD,Heavily indebted poor countries (HIPC),HPC,1.61135E+11,1.76255E+11,6.05164E+11,6.73577E+11,7.15285E+11,6.94414E+11,7.28776E+11,8.08901E+11,7.70865E+11,7.97816E+11,8.03433E+11,8.92066E+11
GDP (current US$),NY.GDP.MKTP.CD,High income,HIC,1.89827E+13,2.77624E+13,4.94294E+13,5.00347E+13,5.11106E+13,4.82464E+13,4.92797E+13,5.15381E+13,5.47992E+13,5.52729E+13,5.38746E+13,5.98297E+13
GDP (current US$),NY.GDP.MKTP.CD,IBRD only,IBD,3.57205E+12,5.85127E+12,2.52903E+13,2.6685E+13,2.75969E+13,2.58543E+13,2.60599E+13,2.87701E+13,3.06032E+13,3.12506E+13,3.0069E+13,3.55114E+13
GDP (current US$),NY.GDP.MKTP.CD,IDA & IBRD total,IBT,3.94147E+12,6.38641E+12,2.70908E+13,2.86418E+13,2.97073E+13,2.79125E+13,2.81589E+13,3.09637E+13,3.28812E+13,3.35904E+13,3.23932E+13,3.80464E+13
GDP (current US$),NY.GDP.MKTP.CD,IDA blend,IDB,1.46299E+11,2.06737E+11,9.09022E+11,9.89433E+11,1.0768E+12,1.01769E+12,9.77135E+11,9.598E+11,1.04839E+12,1.04264E+12,1.00207E+12,1.09648E+12
GDP (current US$),NY.GDP.MKTP.CD,IDA only,IDX,2.23362E+11,3.29786E+11,8.91299E+11,9.67368E+11,1.03353E+12,1.03933E+12,1.12036E+12,1.23343E+12,1.22962E+12,1.29706E+12,1.32129E+12,1.4388E+12
GDP (current US$),NY.GDP.MKTP.CD,IDA total,IDA,3.69261E+11,5.35552E+11,1.80032E+12,1.9568E+12,2.11033E+12,2.05703E+12,2.0975E+12,2.19323E+12,2.27801E+12,2.33971E+12,2.32336E+12,2.5353E+12
GDP (current US$),NY.GDP.MKTP.CD,Late-demographic dividend,LTE,1.96225E+12,3.40598E+12,1.76693E+13,1.90293E+13,1.9771E+13,1.85456E+13,1.85935E+13,2.06293E+13,2.26208E+13,2.3047E+13,2.24934E+13,2.66221E+13
GDP (current US$),NY.GDP.MKTP.CD,Latin America & Caribbean,LCN,1.10782E+12,2.29262E+12,6.15223E+12,6.30381E+12,6.42818E+12,5.37209E+12,5.2496E+12,5.83186E+12,5.70298E+12,5.61871E+12,4.74237E+12,5.45443E+12
GDP (current US$),NY.GDP.MKTP.CD,Latin America & Caribbean (excluding high income),LAC,9.63658E+11,1.96883E+12,5.24829E+12,5.38639E+12,5.4111E+12,4.59949E+12,4.47002E+12,4.98562E+12,4.84146E+12,4.77398E+12,3.99765E+12,4.5851E+12
GDP (current US$),NY.GDP.MKTP.CD,Latin America & the Caribbean (IDA & IBRD countries),TLA,1.0382E+12,2.17819E+12,5.94445E+12,6.09123E+12,6.21106E+12,5.14381E+12,5.01517E+12,5.59236E+12,5.46129E+12,5.36742E+12,4.49446E+12,5.18313E+12
GDP (current US$),NY.GDP.MKTP.CD,Least developed countries: UN classification,LDC,1.82077E+11,2.17233E+11,8.37765E+11,9.13247E+11,9.81461E+11,9.50595E+11,9.88193E+11,1.10398E+12,1.08832E+12,1.14253E+12,1.16243E+12,1.26454E+12
GDP (current US$),NY.GDP.MKTP.CD,Low & middle income,LMY,3.75096E+12,5.95355E+12,2.56901E+13,2.72015E+13,2.81402E+13,2.66818E+13,2.69178E+13,2.95818E+13,3.13595E+13,3.20701E+13,3.09372E+13,3.63542E+13
GDP (current US$),NY.GDP.MKTP.CD,Low income,LIC,1.37319E+11,1.91165E+11,4.37324E+11,4.49077E+11,4.79752E+11,4.747E+11,4.70848E+11,5.27426E+11,4.54007E+11,4.79064E+11,4.68217E+11,5.06017E+11
GDP (current US$),NY.GDP.MKTP.CD,Lower middle income,LMC,1.04787E+12,1.52035E+12,6.33964E+12,6.44689E+12,6.7226E+12,6.54602E+12,6.89923E+12,7.41221E+12,7.59976E+12,7.90859E+12,7.61724E+12,8.74253E+12
GDP (current US$),NY.GDP.MKTP.CD,Middle East & North Africa,MEA,8.056E+11,1.05027E+12,3.62753E+12,3.56565E+12,3.59221E+12,3.16419E+12,3.19232E+12,3.31325E+12,3.47725E+12,3.47236E+12,3.11519E+12,3.6768E+12
GDP (current US$),NY.GDP.MKTP.CD,Middle East & North Africa (excluding high income),MNA,5.0714E+11,5.32014E+11,1.75613E+12,1.61513E+12,1.60086E+12,1.43907E+12,1.47584E+12,1.46428E+12,1.39081E+12,1.39381E+12,1.27315E+12,1.49044E+12
GDP (current US$),NY.GDP.MKTP.CD,Middle East & North Africa (IDA & IBRD countries),TMN,5.02613E+11,5.277E+11,1.74393E+12,1.60162E+12,1.58687E+12,1.4251E+12,1.46044E+12,1.44815E+12,1.37453E+12,1.37668E+12,1.25762E+12,1.4724E+12
GDP (current US$),NY.GDP.MKTP.CD,Middle income,MIC,3.61738E+12,5.76724E+12,2.52544E+13,2.67535E+13,2.76622E+13,2.62096E+13,2.64491E+13,2.90571E+13,3.09043E+13,3.15903E+13,3.04686E+13,3.58451E+13
GDP (current US$),NY.GDP.MKTP.CD,North America,NAC,6.55867E+12,1.09992E+13,1.80887E+13,1.86963E+13,1.93628E+13,1.97692E+13,2.023E+13,2.11337E+13,2.22656E+13,2.31304E+13,2.27128E+13,2.53107E+13
GDP (current US$),NY.GDP.MKTP.CD,Not classified,INX,..,..,..,..,..,..,..,..,..,..,..,..
GDP (current US$),NY.GDP.MKTP.CD,OECD members,OED,1.8801E+13,2.76355E+13,4.86193E+13,4.92672E+13,5.02755E+13,4.74088E+13,4.83254E+13,5.04439E+13,5.33658E+13,5.38786E+13,5.25171E+13,5.82684E+13
GDP (current US$),NY.GDP.MKTP.CD,Other small states,OSS,54446578911,91663295703,4.138E+11,4.31883E+11,4.46441E+11,3.70322E+11,3.66357E+11,3.98943E+11,4.42888E+11,4.33363E+11,3.78315E+11,4.53948E+11
GDP (current US$),NY.GDP.MKTP.CD,Pacific island small states,PSS,2354693024,3435682182,8194344980,8527969870,9269083213,9056069036,9506189696,10256217497,10753159457,10736233419,9515995237,9481916212
GDP (current US$),NY.GDP.MKTP.CD,Post-demographic dividend,PST,1.83751E+13,2.63987E+13,4.57751E+13,4.62299E+13,4.71445E+13,4.45828E+13,4.55905E+13,4.75323E+13,5.03801E+13,5.08793E+13,4.96978E+13,5.49727E+13
GDP (current US$),NY.GDP.MKTP.CD,Pre-demographic dividend,PRE,3.93167E+11,2.77351E+11,1.33767E+12,1.46738E+12,1.55771E+12,1.32963E+12,1.2144E+12,1.29404E+12,1.34787E+12,1.39374E+12,1.31006E+12,1.42705E+12
GDP (current US$),NY.GDP.MKTP.CD,Small states,SST,74883317728,1.29623E+11,4.95847E+11,5.15643E+11,5.32632E+11,4.55047E+11,4.46925E+11,4.8279E+11,5.29991E+11,5.21528E+11,4.53728E+11,5.38706E+11
GDP (current US$),NY.GDP.MKTP.CD,South Asia,SAS,4.07067E+11,6.30242E+11,2.3024E+12,2.36271E+12,2.58779E+12,2.70484E+12,3.01076E+12,3.43388E+12,3.53421E+12,3.65395E+12,3.48701E+12,4.08877E+12
GDP (current US$),NY.GDP.MKTP.CD,South Asia (IDA & IBRD),TSA,4.07067E+11,6.30242E+11,2.3024E+12,2.36271E+12,2.58779E+12,2.70484E+12,3.01076E+12,3.43388E+12,3.53421E+12,3.65395E+12,3.48701E+12,4.08877E+12
GDP (current US$),NY.GDP.MKTP.CD,Sub-Saharan Africa,SSF,3.73986E+11,4.23073E+11,1.70839E+12,1.81569E+12,1.89627E+12,1.69148E+12,1.57327E+12,1.70487E+12,1.7736E+12,1.79574E+12,1.71228E+12,1.9209E+12
GDP (current US$),NY.GDP.MKTP.CD,Sub-Saharan Africa (excluding high income),SSA,3.73617E+11,4.22454E+11,1.70733E+12,1.81436E+12,1.89488E+12,1.69006E+12,1.57178E+12,1.70329E+12,1.77196E+12,1.79405E+12,1.71102E+12,1.91944E+12
GDP (current US$),NY.GDP.MKTP.CD,Sub-Saharan Africa (IDA & IBRD countries),TSS,3.73986E+11,4.23073E+11,1.70839E+12,1.81569E+12,1.89627E+12,1.69148E+12,1.57327E+12,1.70487E+12,1.7736E+12,1.79574E+12,1.71228E+12,1.9209E+12
GDP (current US$),NY.GDP.MKTP.CD,Upper middle income,UMC,2.57384E+12,4.24688E+12,1.89148E+13,2.03066E+13,2.09396E+13,1.96635E+13,1.95498E+13,2.16448E+13,2.33045E+13,2.36817E+13,2.28514E+13,2.71041E+13
GDP (current US$),NY.GDP.MKTP.CD,World,WLD,2.27838E+13,3.38396E+13,7.55012E+13,7.76072E+13,7.97332E+13,7.51878E+13,7.64615E+13,8.14007E+13,8.64569E+13,8.76453E+13,8.51056E+13,9.65131E+13
GNI (current US$),NY.GNP.MKTP.CD,Afghanistan,AFG,..,..,20235386309,20636233967,20548204591,20178945326,18199126228,19145017023,18610257350,19205014965,20332384125,14910923352
GNI (current US$),NY.GNP.MKTP.CD,Albania,ALB,2026653750,3585007222,12228065466,12996539294,13349419700,11521808375,12053832974,13051480688,15137993151,15200249154,14881636667,18006189075
GNI (current US$),NY.GNP.MKTP.CD,Algeria,DZA,59780631047,52080372257,2.06411E+11,2.056E+11,2.08874E+11,1.61667E+11,1.58474E+11,1.67559E+11,1.70507E+11,1.67568E+11,1.42065E+11,1.59458E+11
GNI (current US$),NY.GNP.MKTP.CD,American Samoa,ASM,..,..,..,..,..,..,..,..,..,..,..,..
GNI (current US$),NY.GNP.MKTP.CD,Andorra,AND,..,..,..,..,..,..,..,..,..,3462263517,..,..
GNI (current US$),NY.GNP.MKTP.CD,Angola,AGO,10026737968,7448734815,1.14825E+11,1.23741E+11,1.28909E+11,82784875171,47241256785,64733551804,71783442934,63042950936,49106329133,62080347392
GNI (current US$),NY.GNP.MKTP.CD,Antigua and Barbuda,ATG,414144444.4,781851481.5,1160321815,1142788111,1188978481,1252478556,1339483000,1389228037,1527993259,1581477852,1345593296,1454600000
GNI (current US$),NY.GNP.MKTP.CD,Argentina,ARG,1.3515E+11,2.76656E+11,5.33074E+11,5.40186E+11,5.15532E+11,5.83615E+11,5.45251E+11,6.27201E+11,5.06094E+11,4.30167E+11,3.75536E+11,4.77412E+11
GNI (current US$),NY.GNP.MKTP.CD,Armenia,ARM,2173850349,1970535936,11042356185,11804012824,12131728949,10981745197,10791194736,11933013744,12658282416,13798995615,12445446288,13455052221
GNI (current US$),NY.GNP.MKTP.CD,Aruba,ABW,757039106.1,1849162011,2498994413,2563575419,2688324022,2838379888,2848547486,2921620112,2987486034,3215655667,2541919139,3033186791
GNI (current US$),NY.GNP.MKTP.CD,Australia,AUS,3.00587E+11,4.03861E+11,1.49987E+12,1.53718E+12,1.42924E+12,1.32318E+12,1.17815E+12,1.29051E+12,1.38359E+12,1.34572E+12,1.29707E+12,1.53546E+12
GNI (current US$),NY.GNP.MKTP.CD,Austria,AUT,1.6722E+11,1.95572E+11,4.09815E+11,4.31351E+11,4.43168E+11,3.7821E+11,3.95808E+11,4.13349E+11,4.50536E+11,4.43348E+11,4.39084E+11,4.82528E+11
GNI (current US$),NY.GNP.MKTP.CD,Azerbaijan,AZE,..,5178252123,65739180244,70475971957,73087339028,51377317978,35591903240,39320590286,44853529412,46318529412,42422882353,53484117647
GNI (current US$),NY.GNP.MKTP.CD,"Bahamas, The",BHS,2993200000,7936270000,10452900000,10233700000,10738000000,11459300000,11394700000,11996900000,11990200000,12589700000,9260000000,10474400000
GNI (current US$),NY.GNP.MKTP.CD,Bahrain,BHR,4451329787,8839275266,29741912500,31343603989,31755112766,29314738298,30439494681,33484122340,35726063830,36391941489,32270186170,..
GNI (current US$),NY.GNP.MKTP.CD,Bangladesh,BGD,32234055490,55101749155,1.44642E+11,1.62054E+11,1.84407E+11,2.07743E+11,2.77663E+11,3.03897E+11,3.34231E+11,3.65626E+11,3.89379E+11,4.38175E+11
GNI (current US$),NY.GNP.MKTP.CD,Barbados,BRB,1966737931,2964350000,4437692600,4482648850,4498903000,4511748850,4611375900,4757842100,4847483200,5057350000,4604300000,4747600000
GNI (current US$),NY.GNP.MKTP.CD,Belarus,BLR,21650000000,12684212603,64214746192,72875749775,76449469288,54062079116,45472290913,52670933085,57886444346,62539439717,58770700115,65566628589
GNI (current US$),NY.GNP.MKTP.CD,Belgium,BEL,2.0598E+11,2.42895E+11,5.07666E+11,5.34645E+11,5.46624E+11,4.68879E+11,4.80629E+11,5.07374E+11,5.48108E+11,5.41014E+11,5.3057E+11,5.99602E+11
GNI (current US$),NY.GNP.MKTP.CD,Belize,BLZ,541400000,1063100900,1782800000,1910300000,2000200000,2115050000,2147050000,2160800000,2158750000,2253050000,2021350000,2413550000
GNI (current US$),NY.GNP.MKTP.CD,Benin,BEN,1921032590,3507693521,11074623453,12448828493,13223293316,11295642530,11718306954,12561417748,14105968058,14248201880,15488837235,17599874023
GNI (current US$),NY.GNP.MKTP.CD,Bermuda,BMU,..,..,6661617000,6764352000,6657829000,6893729000,7095783000,7435279000,7460410000,7524540000,7090229000,7597926000
GNI (current US$),NY.GNP.MKTP.CD,Bhutan,BTN,269034540.4,423968320,1639170542,1632780314,1772100522,1860822551,1973485495,2237541687,2226677926,2306109176,2182329953,2383913563
GNI (current US$),NY.GNP.MKTP.CD,Bolivia,BOL,4618982620,8172380982,25455219537,28751567786,31298228307,31873100512,33320230250,36398995789,39311992849,40059428638,36212961241,39368460625
GNI (current US$),NY.GNP.MKTP.CD,Bosnia and Herzegovina,BIH,..,6096206689,17361536592,18420598737,18710141093,16322074454,16936280697,17928376167,20065949004,20167965199,19837425160,23023924770
GNI (current US$),NY.GNP.MKTP.CD,Botswana,BWA,3684735286,5436161218,14164609541,14251172463,15183012879,13124848297,13792073120,14721861869,15330124500,15819870731,14681334422,16658075871
GNI (current US$),NY.GNP.MKTP.CD,Brazil,BRA,3.80339E+11,6.36572E+11,2.40368E+12,2.43845E+12,2.41023E+12,1.7683E+12,1.7576E+12,2.02493E+12,1.86364E+12,1.82298E+12,1.41776E+12,1.56563E+12
GNI (current US$),NY.GNP.MKTP.CD,British Virgin Islands,VGB,..,..,..,..,..,..,..,..,..,..,..,..
GNI (current US$),NY.GNP.MKTP.CD,Brunei Darussalam,BRN,3520551724,6001153306,18590749040,17893222506,17082872928,13580987708,12235956707,12848520530,13651197272,13830513708,12367616148,14096219676
GNI (current US$),NY.GNP.MKTP.CD,Bulgaria,BGR,18995909091,12922427259,53578705650,54582545467,56590366979,49201494559,52276668552,57866861423,64214124321,66969441900,67804452602,81864864554
GNI (current US$),NY.GNP.MKTP.CD,Burkina Faso,BFA,3093954852,2964619404,12243495999,13080708252,13337501703,11293125627,12261728543,13577335799,15387935652,15326472488,16664828374,18717882893
GNI (current US$),NY.GNP.MKTP.CD,Burundi,BDI,1117211760,884786065.9,2326835750,2453391210,2698322168,3104359958,2638052589,2713792163,2665763960,2583933984,2664216795,2787941798
GNI (current US$),NY.GNP.MKTP.CD,Cabo Verde,CPV,309176369.7,525174330.4,1667229960,1785866826,1767262554,1537742030,1603567081,1708731942,1919739373,1939681905,1662754662,1898443617
GNI (current US$),NY.GNP.MKTP.CD,Cambodia,KHM,..,3533900965,13375305411,14402903332,15771426667,17053757291,18967808919,21037039142,23246027821,25525556830,24826001039,25558378524
GNI (current US$),NY.GNP.MKTP.CD,Cameroon,CMR,11786760549,9971651797,29709679445,33109063702,36096675700,31773333574,33255787660,35437229950,39233893813,38827845867,39888925373,44306780490
GNI (current US$),NY.GNP.MKTP.CD,Canada,CAN,5.74627E+11,7.25237E+11,1.79592E+12,1.81847E+12,1.77657E+12,1.53266E+12,1.50933E+12,1.62829E+12,1.696E+12,1.71964E+12,1.62705E+12,1.97418E+12
GNI (current US$),NY.GNP.MKTP.CD,Cayman Islands,CYM,..,..,2905095164,2646160086,2632477259,2793106444,3103094084,3460583223,3860699508,4405497420,4161116165,..
GNI (current US$),NY.GNP.MKTP.CD,Central African Republic,CAF,1418273438,903680539.3,2521348254,1706709152,1914517017,1716880210,1847781813,2177935400,2386745258,2386023522,2456788006,2688202098
GNI (current US$),NY.GNP.MKTP.CD,Chad,TCD,1720769011,1370995736,12067690556,12362322221,13336602011,10618477273,9911697594,9869508954,11075017680,11140998595,9948225336,11381134158
GNI (current US$),NY.GNP.MKTP.CD,Channel Islands,CHI,..,6242710723,..,..,..,..,..,..,..,..,..,..
GNI (current US$),NY.GNP.MKTP.CD,Chile,CHL,31354530652,75513565363,2.52544E+11,2.64895E+11,2.47895E+11,2.36544E+11,2.42363E+11,2.65621E+11,2.83295E+11,2.68152E+11,2.36833E+11,2.98641E+11
GNI (current US$),NY.GNP.MKTP.CD,China,CHN,3.61823E+11,1.19668E+12,8.51241E+12,9.49258E+12,1.0489E+13,1.10088E+13,1.11776E+13,1.22943E+13,1.38338E+13,1.42399E+13,1.45701E+13,1.75723E+13
GNI (current US$),NY.GNP.MKTP.CD,Colombia,COL,45539094152,97729902124,3.56736E+11,3.68903E+11,3.70283E+11,2.89657E+11,2.79697E+11,3.06544E+11,3.25925E+11,3.16058E+11,2.67842E+11,3.09256E+11
GNI (current US$),NY.GNP.MKTP.CD,Comoros,COM,428916946,351478562.7,1014150701,1116441522,1154095444,971041170.1,1018354739,1082473296,1195077589,1200664080,1229785158,1302398117
GNI (current US$),NY.GNP.MKTP.CD,"Congo, Dem. Rep.",COD,..,18699788397,27710051938,29868627089,32869069198,35126776383,36345365361,36945659018,45864379412,48961722123,47444089515,51986874182
GNI (current US$),NY.GNP.MKTP.CD,"Congo, Rep.",COG,2323840717,2280886123,16736473529,17547364689,18175772728,11824419776,9828534980,9536265232,12846704776,11342075652,8911342471,12782645699
GNI (current US$),NY.GNP.MKTP.CD,Costa Rica,CRI,5459187787,14324865024,45775952700,49121590241,49902499563,54062014185,56395465464,57355100765,59076173255,60585991196,58656755771,60132529869
GNI (current US$),NY.GNP.MKTP.CD,Cote d'Ivoire,CIV,9209159713,9739259485,25926661657,29861784272,47933654936,44807384563,46887633191,50051967023,55809155337,56975603680,59502171962,67930954950
GNI (current US$),NY.GNP.MKTP.CD,Croatia,HRV,..,21404519812,55451216845,57901954260,57560752793,50518064215,51492054327,56198756935,62062560778,62379408636,58907236855,69560020723
GNI (current US$),NY.GNP.MKTP.CD,Cuba,CUB,28034938963,29943500000,72146000000,76226000000,79602100000,86014000000,90086000000,95497000000,98575000000,1.01874E+11,..,..
GNI (current US$),NY.GNP.MKTP.CD,Curacao,CUW,..,..,3061653631,3086273743,3117150838,3134620112,3092664804,3119021620,3125260335,3127486927,2612264134,2812455792
GNI (current US$),NY.GNP.MKTP.CD,Cyprus,CYP,5557199360,9128568332,24875310534,23676801094,22608546699,19779687029,20211699776,22274965333,24680551425,24541332645,23250425243,26007856841
GNI (current US$),NY.GNP.MKTP.CD,Czechia,CZE,..,60625668796,1.95428E+11,1.9824E+11,1.94987E+11,1.75137E+11,1.83031E+11,2.06251E+11,2.35331E+11,2.37284E+11,2.3371E+11,2.69164E+11
GNI (current US$),NY.GNP.MKTP.CD,Denmark,DNK,1.33536E+11,1.60422E+11,3.34536E+11,3.54464E+11,3.65834E+11,3.11964E+11,3.20813E+11,3.39391E+11,3.66755E+11,3.5654E+11,3.66699E+11,4.1208E+11
GNI (current US$),NY.GNP.MKTP.CD,Djibouti,DJI,..,567019654.4,1381266142,2014984774,2191027403,2397387661,2524970309,2635915380,2771291986,2995009917,3082506550,3422645607
GNI (current US$),NY.GNP.MKTP.CD,Dominica,DMA,196537037,294151851.9,476466666.7,478788888.9,503563518.5,521843851.9,555100555.6,523367703.7,555581629.6,602072444.4,511125666.7,555825148.1
GNI (current US$),NY.GNP.MKTP.CD,Dominican Republic,DOM,6758924742,23264321905,58281937195,59709863839,63932514027,68228425257,72451620190,76204175622,81863678043,84872399734,75019702329,89537253938
GNI (current US$),NY.GNP.MKTP.CD,Ecuador,ECU,14028697797,17103552776,86587424000,93662124000,1.00144E+11,97501257000,98028639000,1.01858E+11,1.04605E+11,1.04935E+11,96426857000,1.04502E+11
GNI (current US$),NY.GNP.MKTP.CD,"Egypt, Arab Rep.",EGY,41873798699,1.00306E+11,2.72637E+11,2.81028E+11,2.98333E+11,3.23666E+11,3.2797E+11,2.31165E+11,2.43433E+11,2.92071E+11,3.53899E+11,3.91744E+11
GNI (current US$),NY.GNP.MKTP.CD,El Salvador,SLV,4689782204,11531827700,20515590000,21000760000,21558030000,22346390000,22945050000,23591570000,24550760000,25540040000,23248020000,27112720000
GNI (current US$),NY.GNP.MKTP.CD,Equatorial Guinea,GNQ,119604661.3,675806916.3,14844233177,15003862699,14796387635,9945017664,8709938548,8983530337,10026979628,8329917011,7454529368,9147762171
GNI (current US$),NY.GNP.MKTP.CD,Eritrea,ERI,..,706846472.7,..,..,..,..,..,..,..,..,..,..
GNI (current US$),NY.GNP.MKTP.CD,Estonia,EST,..,5472116465,22063932820,24507230930,25876006877,22387751107,23537298482,26262150182,29976050227,30497172386,31019305048,36545965937
GNI (current US$),NY.GNP.MKTP.CD,Eswatini,SWZ,1173722143,1772303683,4571205993,4400158994,4235837856,3903725442,3610868073,4107866513,4343596151,4042424127,3590271045,4361962647
GNI (current US$),NY.GNP.MKTP.CD,Ethiopia,ETH,12108119662,8182263337,43214529006,47541429851,55459432981,64326834730,74053937525,81285191646,83892033920,95322999765,1.07045E+11,1.10714E+11
GNI (current US$),NY.GNP.MKTP.CD,Faroe Islands,FRO,..,1108077347,2553422529,2836992326,3018904232,2643558911,2915949909,3080207182,3279605992,3369313581,3342305987,3741597875
GNI (current US$),NY.GNP.MKTP.CD,Fiji,FJI,1289553650,1711500517,3825356333,4107971599,4631819235,4407184562,4660905513,4930307026,5221546227,5030971600,4195973493,4045990671
GNI (current US$),NY.GNP.MKTP.CD,Finland,FIN,1.39004E+11,1.25234E+11,2.59498E+11,2.72477E+11,2.77614E+11,2.36841E+11,2.41867E+11,2.55776E+11,2.76816E+11,2.69874E+11,2.76425E+11,3.02896E+11
GNI (current US$),NY.GNP.MKTP.CD,France,FRA,1.2736E+12,1.38721E+12,2.74235E+12,2.87486E+12,2.91786E+12,2.49186E+12,2.52528E+12,2.65381E+12,2.85566E+12,2.78742E+12,2.67999E+12,3.04518E+12
GNI (current US$),NY.GNP.MKTP.CD,French Polynesia,PYF,3320159523,4311915346,..,..,..,..,..,..,..,..,..,..
GNI (current US$),NY.GNP.MKTP.CD,Gabon,GAB,5336349261,4299812168,15456971601,15890972052,17256250321,13188718851,12934875312,13985729748,15754973532,15511133836,14503352838,17052331402
GNI (current US$),NY.GNP.MKTP.CD,"Gambia, The",GMB,291575060.3,752681081.7,1385746819,1345938956,1200490602,1345126869,1456755151,1476610604,1641471457,1783608280,1785258593,1987167103
GNI (current US$),NY.GNP.MKTP.CD,Georgia,GEO,..,3094875335,16316003088,16872451545,17397203432,14615250562,14440358558,15447499821,16912337108,16692817892,15104331382,17459909901
GNI (current US$),NY.GNP.MKTP.CD,Germany,DEU,1.79087E+12,1.93702E+12,3.61177E+12,3.82026E+12,3.96701E+12,3.4341E+12,3.55593E+12,3.77879E+12,4.10843E+12,4.01908E+12,4.00419E+12,4.41103E+12
GNI (current US$),NY.GNP.MKTP.CD,Ghana,GHA,5776765502,4836061112,39174956052,61072600585,51920119658,47921089700,53961581129,57431697460,64270236560,65527306781,70776628000,75637343975
GNI (current US$),NY.GNP.MKTP.CD,Gibraltar,GIB,..,..,..,..,..,..,..,..,..,..,..,..
GNI (current US$),NY.GNP.MKTP.CD,Greece,GRC,..,..,2.44054E+11,2.38899E+11,2.36987E+11,1.95524E+11,1.92207E+11,1.98843E+11,2.09712E+11,2.03411E+11,1.88006E+11,2.13935E+11
GNI (current US$),NY.GNP.MKTP.CD,Greenland,GRL,946256019.1,1043287847,..,..,..,..,..,..,..,..,..,..
GNI (current US$),NY.GNP.MKTP.CD,Grenada,GRD,266224688.9,486296222.2,765599963,816932777.8,828700000,880071222.2,964617074.1,1004051111,1051975852,1097604000,970910296.3,1056830444
GNI (current US$),NY.GNP.MKTP.CD,Guam,GUM,..,..,..,..,..,..,..,..,..,..,..,..
GNI (current US$),NY.GNP.MKTP.CD,Guatemala,GTM,7454425217,19079227161,48568960274,51760538476,56335293254,60699783495,64628417703,70153026035,71825822521,75766365559,76218199360,84076413852
GNI (current US$),NY.GNP.MKTP.CD,Guinea,GIN,2517843175,2922237265,7516065254,7971453845,8494333615,8650959121,8446956121,10274041360,11448771522,12782497681,12861450266,14217021446
GNI (current US$),NY.GNP.MKTP.CD,Guinea-Bissau,GNB,233321979,358663940.7,994656463.2,1026052962,1092300692,1073811498,1208741920,1352932628,1453500084,1470018484,1456255017,1640828020
GNI (current US$),NY.GNP.MKTP.CD,Guyana,GUY,289265807.6,668697606.8,4087056241,4196342418,4154314709,4304537269,4478082235,4736697060,4759901433,5127130584,5363089689,7654530395
GNI (current US$),NY.GNP.MKTP.CD,Haiti,HTI,3078089800,6804388214,13763469544,14934000886,15188360079,14873787397,14035590264,15094067853,16505312917,14835495479,14536821917,20967472007
GNI (current US$),NY.GNP.MKTP.CD,Honduras,HND,4646744960,6963923292,17247018285,17196007625,18168783830,19549500574,20197398730,21721170345,22173281679,23102311443,22170450616,26171826271
GNI (current US$),NY.GNP.MKTP.CD,"Hong Kong SAR, China",HKG,74783560515,1.73047E+11,2.66427E+11,2.80921E+11,2.9747E+11,3.15108E+11,3.28922E+11,3.56101E+11,3.7893E+11,3.81393E+11,3.65053E+11,3.95545E+11
GNI (current US$),NY.GNP.MKTP.CD,Hungary,HUN,..,44475804737,1.23361E+11,1.31738E+11,1.34668E+11,1.19183E+11,1.25141E+11,1.37322E+11,1.54276E+11,1.59662E+11,1.53455E+11,1.7613E+11
GNI (current US$),NY.GNP.MKTP.CD,Iceland,ISL,6329095268,8688310797,12884269290,15287504222,16897076236,16543802058,19826589745,23965940756,24925636306,24634234578,21074087066,24377259095
GNI (current US$),NY.GNP.MKTP.CD,India,IND,3.16775E+11,4.63419E+11,1.80618E+12,1.8336E+12,2.01502E+12,2.07918E+12,2.24794E+12,2.6228E+12,2.67399E+12,2.80431E+12,2.63176E+12,3.12686E+12
GNI (current US$),NY.GNP.MKTP.CD,Indonesia,IDN,1.00923E+11,1.54078E+11,8.91961E+11,8.8525E+11,8.60947E+11,8.32299E+11,9.02045E+11,9.83438E+11,1.01121E+12,1.08508E+12,1.03041E+12,1.15447E+12
GNI (current US$),NY.GNP.MKTP.CD,"Iran, Islamic Rep.",IRN,1.24761E+11,1.0979E+11,6.48245E+11,4.95919E+11,4.62753E+11,4.08517E+11,4.58483E+11,4.87226E+11,3.33273E+11,2.84425E+11,2.40408E+11,3.60911E+11
GNI (current US$),NY.GNP.MKTP.CD,Iraq,IRQ,1.77707E+11,48059388966,2.19061E+11,2.33577E+11,2.27112E+11,1.65258E+11,1.65041E+11,1.85777E+11,2.25613E+11,2.3247E+11,1.82172E+11,2.05825E+11
GNI (current US$),NY.GNP.MKTP.CD,Ireland,IRL,45844603361,87356264075,1.82483E+11,2.01478E+11,2.19223E+11,2.24609E+11,2.43913E+11,2.67503E+11,2.99137E+11,3.10166E+11,3.2058E+11,3.82594E+11
GNI (current US$),NY.GNP.MKTP.CD,Isle of Man,IMN,..,1627870548,6818331754,7201580428,7655555373,6826965623,6105729139,6365148005,7111914610,6968404391,..,..
GNI (current US$),NY.GNP.MKTP.CD,Israel,ISR,59517615812,1.27778E+11,2.55658E+11,2.91785E+11,3.12451E+11,3.0084E+11,3.19214E+11,3.56456E+11,3.76418E+11,4.00222E+11,4.09618E+11,4.81164E+11
GNI (current US$),NY.GNP.MKTP.CD,Italy,ITA,1.16676E+12,1.1423E+12,2.08441E+12,2.13821E+12,2.1622E+12,1.82394E+12,1.88246E+12,1.97274E+12,2.11504E+12,2.02835E+12,1.92049E+12,2.14547E+12
GNI (current US$),NY.GNP.MKTP.CD,Jamaica,JAM,4162221933,8655164476,14607486439,13930602742,13600729259,13748936050,13482109597,14387889610,15134693862,15389268491,13357924844,14238786896
GNI (current US$),NY.GNP.MKTP.CD,Japan,JPN,3.15684E+12,5.04024E+12,6.44554E+12,5.39161E+12,5.07902E+12,4.61977E+12,5.17779E+12,5.11325E+12,5.23063E+12,5.32345E+12,5.22289E+12,5.1293E+12
GNI (current US$),NY.GNP.MKTP.CD,Jordan,JOR,3945136959,8561212976,31246533501,34115848631,36430961897,38153863015,39586903550,41401619020,43171423929,45001471238,44057889841,45498497011
GNI (current US$),NY.GNP.MKTP.CD,Kazakhstan,KAZ,..,17152994909,1.79881E+11,2.11487E+11,1.98714E+11,1.72771E+11,1.23828E+11,1.48657E+11,1.57279E+11,1.58975E+11,1.5601E+11,1.72923E+11
GNI (current US$),NY.GNP.MKTP.CD,Kenya,KEN,8206604542,12575576937,50187342659,54496759863,60579806471,63195105853,73804795654,80474762332,90812256667,98774891656,98931055474,1.08691E+11
GNI (current US$),NY.GNP.MKTP.CD,Kiribati,KIR,51412848.33,109311166.5,287381445.4,303928364.5,336275464.2,351401096.8,318153434.4,359252759,366539898.4,372873826.9,337548689,376051682.7
GNI (current US$),NY.GNP.MKTP.CD,"Korea, Dem. People's Rep.",PRK,..,..,..,..,..,..,..,..,..,..,..,..
GNI (current US$),NY.GNP.MKTP.CD,"Korea, Rep.",KOR,2.83084E+11,5.72323E+11,1.2918E+12,1.37953E+12,1.4915E+12,1.47036E+12,1.5056E+12,1.63052E+12,1.73179E+12,1.66568E+12,1.65867E+12,1.83112E+12
GNI (current US$),NY.GNP.MKTP.CD,Kosovo,XKX,..,..,6361153154,6897148758,7225812276,6398603905,6765304516,7324712381,8012045347,8079698836,7903802849,9591067416
GNI (current US$),NY.GNP.MKTP.CD,Kuwait,KWT,26177777778,44411016949,1.8322E+11,1.87416E+11,1.78271E+11,1.27259E+11,1.222E+11,1.39487E+11,1.56517E+11,1.54472E+11,..,..
GNI (current US$),NY.GNP.MKTP.CD,Kyrgyz Republic,KGZ,..,1287688498,6435839934,6912027592,7159296566,6417478340,6455292066,7331334800,8020107853,8091718900,7524451491,7847822799
GNI (current US$),NY.GNP.MKTP.CD,Lao PDR,LAO,865559856.2,1660408279,9584412356,11338527569,12693403960,13784825970,15228402733,16170189392,17355921381,17656109554,17853650705,17689912749
GNI (current US$),NY.GNP.MKTP.CD,Latvia,LVA,..,7949004635,27972506726,30136846960,31426966728,27135736219,28043513230,30407328862,33883565347,33845376232,34593491383,39119352197
GNI (current US$),NY.GNP.MKTP.CD,Lebanon,LBN,3460782103,17581364842,43812619516,46661645794,47517900239,49420820075,50329517818,52818451126,53788957813,50556504530,30667128254,22231940281
GNI (current US$),NY.GNP.MKTP.CD,Lesotho,LSO,957269702,1130529943,2892666062,2718881441,2719621956,2639110143,2400602946,2620026066,2863709889,2776399636,2510186663,2843321266
GNI (current US$),NY.GNP.MKTP.CD,Liberia,LBR,..,772600000,2529644000,2875704600,2892652000,2947075700,3117419600,3087813500,2985754800,2965834700,2887982500,3297000000
GNI (current US$),NY.GNP.MKTP.CD,Libya,LBY,..,..,89289212967,72095069592,56989075762,49136547929,49944260644,67838212082,76928351648,70040334692,50591870886,43169797205
GNI (current US$),NY.GNP.MKTP.CD,Liechtenstein,LIE,1397189318,2434805779,3807827663,5110583666,5373935822,5162406484,5985894053,6748654413,6917476225,6268866975,..,..
GNI (current US$),NY.GNP.MKTP.CD,Lithuania,LTU,..,11317713423,41584616578,45495776757,47960568992,39940688842,41513241213,46031954862,52084496481,52844780802,55211445817,63887018863
GNI (current US$),NY.GNP.MKTP.CD,Luxembourg,LUX,12743261709,18782499825,45915520598,46779637636,49979926557,38657980989,41225831606,47031112675,50751283868,47012779829,51101739695,59692666902
GNI (current US$),NY.GNP.MKTP.CD,"Macao SAR, China",MAC,3263340294,6197684995,36351769108,42782346388,46126754391,40244934252,40643756801,44894767007,48905890369,48964872065,30234657220,30865105240
GNI (current US$),NY.GNP.MKTP.CD,Madagascar,MDG,3770426972,4531580027,11207841389,12000180783,12173057050,10894778610,11379471664,12760046042,13299570243,13612309510,12666991180,14172186401
GNI (current US$),NY.GNP.MKTP.CD,Malawi,MWI,1837457400,1707156806,5892688582,5356906885,5887200679,6153437697,5409959444,8790346114,9716730708,10841609606,12000796593,12398475305
GNI (current US$),NY.GNP.MKTP.CD,Malaysia,MYS,42152020407,86182105263,3.02839E+11,3.12495E+11,3.26872E+11,2.93133E+11,2.92916E+11,3.10123E+11,3.47619E+11,3.55641E+11,3.30553E+11,3.62952E+11
GNI (current US$),NY.GNP.MKTP.CD,Maldives,MDV,193844535.2,594339124.9,2614022207,2931312227,3342253036,3776960615,4026225703,4378592214,4808561101,5049574002,3440529461,4922076233
GNI (current US$),NY.GNP.MKTP.CD,Mali,MLI,2666059918,2931331695,11981791174,12810032895,13980008239,12808995389,13651411051,14864815499,16560621640,16584807517,16726618172,18250317610
GNI (current US$),NY.GNP.MKTP.CD,Malta,MLT,2738345671,3916553008,9016279070,10028090052,11021117311,10478413403,10525988488,12140946679,14181105338,14566004702,13636249001,16216240095
GNI (current US$),NY.GNP.MKTP.CD,Marshall Islands,MHL,..,151618100,208622400,221255400,227275800,245039900,257958900,266297000,273407900,286971000,293984300,293704300
GNI (current US$),NY.GNP.MKTP.CD,Mauritania,MRT,1447895783,1793304274,6537356581,7029814844,6340605474,5986763078,6282349081,6703478659,7435090536,7969899157,8299760506,9849926793
GNI (current US$),NY.GNP.MKTP.CD,Mauritius,MUS,2630672453,4646665747,11708352745,12425785143,13138634167,12086790827,12525019765,13860226093,14937821208,14772379382,11621169647,11700106255
GNI (current US$),NY.GNP.MKTP.CD,Mexico,MEX,2.52628E+11,6.92709E+11,1.17789E+12,1.23737E+12,1.28306E+12,1.1416E+12,1.04958E+12,1.12882E+12,1.18935E+12,1.23201E+12,1.05482E+12,1.23933E+12
GNI (current US$),NY.GNP.MKTP.CD,"Micronesia, Fed. Sts.",FSM,..,239347500,342609600,342707900,344654300,375852000,387000200,416554700,412197400,458300000,454400000,445128900
GNI (current US$),NY.GNP.MKTP.CD,Moldova,MDA,..,1352310309,9519279822,10391127880,10332714662,8194665158,8517438758,10220953750,12007952322,12595179795,12253493780,14056071333
GNI (current US$),NY.GNP.MKTP.CD,Monaco,MCO,..,..,..,..,..,..,..,..,..,..,..,..
GNI (current US$),NY.GNP.MKTP.CD,Mongolia,MNG,2517185660,1131697255,11343401729,11871513599,11232542816,10652455443,10260105829,9872124817,11943636761,12634360578,12053017629,13054692240
GNI (current US$),NY.GNP.MKTP.CD,Montenegro,MNE,..,1034066685,4156885391,4553095232,4655006377,4143524798,4415296104,4956379123,5571648205,5604333706,4845766268,5983804590
GNI (current US$),NY.GNP.MKTP.CD,Morocco,MAR,29318875496,38093597384,96282277131,1.05369E+11,1.16738E+11,1.08704E+11,1.10026E+11,1.16714E+11,1.25425E+11,1.26978E+11,1.20188E+11,1.40922E+11
GNI (current US$),NY.GNP.MKTP.CD,Mozambique,MOZ,..,5463563111,16275337948,16915730890,17514171456,15650835893,11701500427,12839427398,14559037037,15113497025,13741900072,15448140157
GNI (current US$),NY.GNP.MKTP.CD,Myanmar,MMR,1852588680,6743397782,56233481900,58467009812,60766339288,60546861658,58377649381,59776220014,65147998230,66388788286,76406297227,63362548426
GNI (current US$),NY.GNP.MKTP.CD,Namibia,NAM,2841879991,3941875731,12519782799,12011968776,12363521833,11317069084,10511238016,12661495879,13176790340,12234173557,10537701894,12074230432
GNI (current US$),NY.GNP.MKTP.CD,Nauru,NRU,..,..,117537533.5,122667692.6,127288717.5,118229470,135754840.6,152801870.4,168746608.8,170504934.9,177302587.5,221509067.8
GNI (current US$),NY.GNP.MKTP.CD,Nepal,NPL,3640237860,5514252208,21854815284,22310906825,23065081227,24704978151,24843832219,29263410537,33328198533,34539802030,33830032733,36486385880
GNI (current US$),NY.GNP.MKTP.CD,Netherlands,NLD,3.09525E+11,4.14983E+11,8.29583E+11,8.70916E+11,8.83166E+11,7.57773E+11,7.65033E+11,8.24285E+11,9.10599E+11,8.91679E+11,8.80056E+11,9.90138E+11
GNI (current US$),NY.GNP.MKTP.CD,New Caledonia,NCL,2529440424,2687309004,..,..,..,..,..,..,..,..,..,..
GNI (current US$),NY.GNP.MKTP.CD,New Zealand,NZL,43598278850,49633337724,1.68872E+11,1.83382E+11,1.93204E+11,1.72157E+11,1.82756E+11,1.98859E+11,2.04302E+11,2.08157E+11,2.08093E+11,2.45588E+11
GNI (current US$),NY.GNP.MKTP.CD,Nicaragua,NIC,987778064.5,4905529007,10116207345,10448779993,11432534071,12267705835,12651884567,13074208919,12373039739,12130235456,11760770110,13114322092
GNI (current US$),NY.GNP.MKTP.CD,Niger,NER,3536335228,2336466340,9746583207,10626393683,11351530351,10161941991,10734605107,11600277119,13405989147,13479237976,13156292048,15188307693
GNI (current US$),NY.GNP.MKTP.CD,Nigeria,NGA,51148259884,63300677661,4.41665E+11,4.94341E+11,5.55023E+11,4.80055E+11,3.9595E+11,3.64253E+11,4.02283E+11,4.33449E+11,4.1643E+11,4.23882E+11
GNI (current US$),NY.GNP.MKTP.CD,North Macedonia,MKD,4644646643,3702840604,9534175860,10561397094,11149669562,9747427395,10247929753,10859406004,12150992525,12024667115,11894791174,13208529986
GNI (current US$),NY.GNP.MKTP.CD,Northern Mariana Islands,MNP,..,..,..,..,..,..,..,..,..,..,..,..
GNI (current US$),NY.GNP.MKTP.CD,Norway,NOR,1.16416E+11,1.689E+11,5.1383E+11,5.28332E+11,5.14173E+11,4.01834E+11,3.84964E+11,4.13028E+11,4.53417E+11,4.17418E+11,3.76702E+11,5.03287E+11
GNI (current US$),NY.GNP.MKTP.CD,Oman,OMN,11379937581,18670001300,82904291287,86700650195,88413003901,76448114434,73063719116,77688946684,86514954486,82159687906,70676627828,82199779714
GNI (current US$),NY.GNP.MKTP.CD,Pakistan,PAK,39037984571,79997743416,2.21139E+11,2.2755E+11,2.40406E+11,2.65957E+11,3.08285E+11,3.34192E+11,3.50691E+11,3.15299E+11,2.94967E+11,3.43863E+11
GNI (current US$),NY.GNP.MKTP.CD,Palau,PLW,..,163487600,230547900,240525000,260028100,302277700,323893500,303897100,306178900,296747700,256600000,222800000
GNI (current US$),NY.GNP.MKTP.CD,Panama,PAN,6178567000,11743915000,37691434400,42692594000,45567364400,50640813800,53770544500,58389898788,60405247039,62663200000,52265100000,59261300000
GNI (current US$),NY.GNP.MKTP.CD,Papua New Guinea,PNG,3096329347,3302783384,20198065704,19541616708,22808959941,21327883145,20529201245,22294230776,23492325520,23707267070,23577972803,25499665356
GNI (current US$),NY.GNP.MKTP.CD,Paraguay,PRY,..,7742095640,31849717379,36930040890,38879576272,34871677360,34812603811,37701521294,38871358701,36804812203,34274587389,38349497671
GNI (current US$),NY.GNP.MKTP.CD,Peru,PER,24799606362,50584450185,1.80516E+11,1.9081E+11,1.91698E+11,1.83306E+11,1.83939E+11,2.01299E+11,2.11618E+11,2.20067E+11,1.96348E+11,2.07496E+11
GNI (current US$),NY.GNP.MKTP.CD,Philippines,PHL,49764286539,91557963718,2.90824E+11,3.17288E+11,3.31766E+11,3.41467E+11,3.54012E+11,3.64719E+11,3.83817E+11,4.14552E+11,3.89166E+11,4.08174E+11
GNI (current US$),NY.GNP.MKTP.CD,Poland,POL,62591748995,1.715E+11,4.76398E+11,4.97003E+11,5.18526E+11,4.59255E+11,4.51791E+11,5.02409E+11,5.63964E+11,5.71155E+11,5.76681E+11,6.47483E+11
GNI (current US$),NY.GNP.MKTP.CD,Portugal,PRT,78669170300,1.16683E+11,2.11106E+11,2.23407E+11,2.25198E+11,1.94045E+11,2.01412E+11,2.16162E+11,2.36395E+11,2.33753E+11,2.25467E+11,2.50593E+11
GNI (current US$),NY.GNP.MKTP.CD,Puerto Rico,PRI,21619119000,41418600000,68085700000,68944900000,68797500000,69602000000,69985200000,69049500000,67601100000,70765100000,70508700000,73580800000
GNI (current US$),NY.GNP.MKTP.CD,Qatar,QAT,7581428736,16360439560,1.74709E+11,1.88364E+11,1.96924E+11,1.58175E+11,1.50623E+11,1.6068E+11,1.7959E+11,1.71428E+11,1.41367E+11,1.76914E+11
GNI (current US$),NY.GNP.MKTP.CD,Romania,ROU,38852909091,37018920724,1.76171E+11,1.87004E+11,1.98771E+11,1.76014E+11,1.8279E+11,2.07139E+11,2.3887E+11,2.47449E+11,2.47472E+11,2.79289E+11
GNI (current US$),NY.GNP.MKTP.CD,Russian Federation,RUS,5.15781E+11,2.52974E+11,2.14063E+12,2.21287E+12,1.99128E+12,1.32573E+12,1.24129E+12,1.53215E+12,1.61694E+12,1.63959E+12,1.45436E+12,1.73577E+12
GNI (current US$),NY.GNP.MKTP.CD,Rwanda,RWA,2538245657,2052226837,7547976534,7684191725,8045944993,8377080753,8452521208,8961396748,9294712978,10008305994,9947623076,10844261645
GNI (current US$),NY.GNP.MKTP.CD,Samoa,WSM,88890279.28,..,746316340.7,770247494.4,766903470.2,807839940.6,825248115.7,858936346.4,849307980,877127119.9,838372748.2,828454234.3
GNI (current US$),NY.GNP.MKTP.CD,San Marino,SMR,..,..,..,..,..,..,..,1416009223,1507394869,1479618017,1391503079,..
GNI (current US$),NY.GNP.MKTP.CD,Sao Tome and Principe,STP,..,..,245986799.5,303142986.2,352225165.2,315036266.3,346448959.6,374514125.7,412353809.7,425925039.7,477536661.7,532353800.7
GNI (current US$),NY.GNP.MKTP.CD,Saudi Arabia,SAU,1.22126E+11,1.90407E+11,7.46963E+11,7.60209E+11,7.72876E+11,6.7155E+11,6.60662E+11,6.99284E+11,8.2429E+11,8.11516E+11,7.17195E+11,..
GNI (current US$),NY.GNP.MKTP.CD,Senegal,SEN,7194170504,5922366345,17359553341,18595821653,19408862856,17312461340,18541863256,20409581940,22515354726,22788439046,23900827506,27041843267
GNI (current US$),NY.GNP.MKTP.CD,Serbia,SRB,..,6875616225,41878044816,46496559960,45266925173,37809807612,38446563064,41320166594,48055905110,48729123911,51732845129,60647891346
GNI (current US$),NY.GNP.MKTP.CD,Seychelles,SYC,355431055.5,583245913.4,994515090.5,1245599612,1285761112,1310494513,1356470625,1437007269,1513506861,1576390500,1193727937,1371936143
GNI (current US$),NY.GNP.MKTP.CD,Sierra Leone,SLE,579840580,616098892.2,3924034071,4893437932,4896148549,4162054006,3276983581,3629620900,3798493994,4025178583,3985252722,3995815732
GNI (current US$),NY.GNP.MKTP.CD,Singapore,SGP,35780956776,95487180974,2.81965E+11,2.9101E+11,3.03899E+11,2.86988E+11,2.99291E+11,3.17256E+11,3.31176E+11,3.28531E+11,2.99066E+11,3.49154E+11
GNI (current US$),NY.GNP.MKTP.CD,Sint Maarten (Dutch part),SXM,..,..,975606703.9,1026524581,1230067039,1243648045,1263340782,1165420503,1159301620,..,..,..
GNI (current US$),NY.GNP.MKTP.CD,Slovak Republic,SVK,..,29126157754,93046097962,98208151923,1.00294E+11,86733263301,87583418795,93926182365,1.04467E+11,1.03182E+11,1.05402E+11,1.15078E+11
GNI (current US$),NY.GNP.MKTP.CD,Slovenia,SVN,..,20240378820,45851550970,47767744176,49538346181,41777964523,43632050799,47713349731,53372128973,53500705545,53346714725,60877394215
GNI (current US$),NY.GNP.MKTP.CD,Solomon Islands,SLB,209618192.1,415640000.8,1128048551,1289728667,1320302211,1283707481,1336636006,1440168319,1594891896,1602564477,1572053315,1649438762
GNI (current US$),NY.GNP.MKTP.CD,Somalia,SOM,834948072,..,..,4545000000,4994349992,5305760750,5503680222,5576438927,5821908806,6449308553,6844967094,7585987106
GNI (current US$),NY.GNP.MKTP.CD,South Africa,ZAF,1.21781E+11,1.4858E+11,4.23517E+11,3.91195E+11,3.71745E+11,3.38767E+11,3.15294E+11,3.70873E+11,3.92871E+11,3.78848E+11,3.31988E+11,4.1099E+11
GNI (current US$),NY.GNP.MKTP.CD,South Sudan,SSD,..,..,11486155559,17413371593,11954212847,10522802564,..,..,..,..,..,..
GNI (current US$),NY.GNP.MKTP.CD,Spain,ESP,5.30516E+11,5.94084E+11,1.31416E+12,1.34653E+12,1.3668E+12,1.19589E+12,1.23661E+12,1.31374E+12,1.42375E+12,1.39679E+12,1.28009E+12,1.43487E+12
GNI (current US$),NY.GNP.MKTP.CD,Sri Lanka,LKA,7973539690,16016130113,69233360203,75248928949,80720433640,83118685911,85816575847,92061622970,92095788075,86545585357,83069588981,86882788616
GNI (current US$),NY.GNP.MKTP.CD,St. Kitts and Nevis,KNA,212800000,391558224.9,802454444.4,860754629.6,885574074.1,892251777.8,949438777.8,1010053111,1029781370,1085300296,870667740.7,840895481.5
GNI (current US$),NY.GNP.MKTP.CD,St. Lucia,LCA,521420084.7,887992592.6,1567433519,1627002519,1642389303,1654322030,1751440337,1878054229,1953048105,1970239318,1488955608,1629711120
GNI (current US$),NY.GNP.MKTP.CD,St. Martin (French part),MAF,..,..,..,..,..,..,..,..,..,..,..,..
GNI (current US$),NY.GNP.MKTP.CD,St. Vincent and the Grenadines,VCT,229322222.2,408771963,726213444.4,761060481.5,741042037,768334963,809136814.8,844071444.4,883846777.8,902727740.7,867488481.5,899405455.7
GNI (current US$),NY.GNP.MKTP.CD,Sudan,SDN,30930111111,11640538309,59795913854,61729389190,75347636703,83074332675,1.00851E+11,1.24529E+11,30521438451,30717965587,25561386740,32981636506
GNI (current US$),NY.GNP.MKTP.CD,Suriname,SUR,386900000,899657575.8,4787510970,5014507667,5170283939,5112916762,3151077610,3197633185,3608724690,3604007265,2446062313,2591610812
GNI (current US$),NY.GNP.MKTP.CD,Sweden,SWE,2.55425E+11,2.62995E+11,5.65134E+11,6.00022E+11,5.94247E+11,5.09136E+11,5.1863E+11,5.50408E+11,5.66408E+11,5.49543E+11,5.66102E+11,6.53869E+11
GNI (current US$),NY.GNP.MKTP.CD,Switzerland,CHE,..,2.97518E+11,7.06067E+11,7.26595E+11,7.3567E+11,7.10792E+11,6.92675E+11,6.94939E+11,7.0613E+11,7.05462E+11,7.25286E+11,7.97465E+11
GNI (current US$),NY.GNP.MKTP.CD,Syrian Arab Republic,SYR,..,73232516704,41500153049,20440083957,20679230895,15848198142,12132269968,15776196502,20567954335,21589756789,10617637274,..
GNI (current US$),NY.GNP.MKTP.CD,Tajikistan,TJK,2631768953,824392380.7,9744505076,11112795517,11296340429,9798023722,8081766785,8637238734,8990689746,9631253672,9516009649,10567367295
GNI (current US$),NY.GNP.MKTP.CD,Tanzania,TZA,4072293167,13245876113,39076481542,44974791751,49140085054,46478408726,48664271399,52106629424,56210502157,61908444374,62347075302,67628157576
GNI (current US$),NY.GNP.MKTP.CD,Thailand,THA,84097084798,1.239E+11,3.79343E+11,3.93467E+11,3.86382E+11,3.80595E+11,3.93949E+11,4.35913E+11,4.82208E+11,5.2387E+11,4.88208E+11,4.88546E+11
GNI (current US$),NY.GNP.MKTP.CD,Timor-Leste,TLS,..,515427400,4318116383,4151753016,3337510215,2792624634,2230612540,2268489892,2243668005,2727266193,2386754508,1888203479
GNI (current US$),NY.GNP.MKTP.CD,Togo,TGO,1597942475,1462834929,3879283636,4346910990,4621145737,4321508267,6075237460,6400471260,7131540392,7242517959,7591296131,8435586628
GNI (current US$),NY.GNP.MKTP.CD,Tonga,TON,116504861.9,207446769.6,484573131.2,461944457.3,443074766.9,441521434.8,422778679.7,478641664.8,518918634.3,553369426.5,526124410.2,495412441.3
GNI (current US$),NY.GNP.MKTP.CD,Trinidad and Tobago,TTO,4671223529,7525838201,24825461022,26990595760,27765867210,26612327180,23071075280,23846606986,23621888575,23242507415,20003843325,24369551810
GNI (current US$),NY.GNP.MKTP.CD,Tunisia,TUN,11882386364,20530385934,45406695435,46622594202,48567442717,44599918434,43404189944,41171488799,41649741207,40813829062,41141125018,45147400286
GNI (current US$),NY.GNP.MKTP.CD,Turkiye,TUR,1.48168E+11,2.70301E+11,8.73968E+11,9.49165E+11,9.30744E+11,8.54633E+11,8.60512E+11,8.47836E+11,7.66528E+11,7.47112E+11,7.10897E+11,8.07006E+11
GNI (current US$),NY.GNP.MKTP.CD,Turkmenistan,TKM,..,2727382587,31835210526,35782543860,39603210526,33705628571,35225885714,36352285714,39044183543,43575785421,..,..
GNI (current US$),NY.GNP.MKTP.CD,Turks and Caicos Islands,TCA,..,..,..,..,842570000,943770000,1035252000,1005865000,1081278000,1158415000,894683000,953269800
GNI (current US$),NY.GNP.MKTP.CD,Tuvalu,TUV,..,..,51075377.93,59125699.94,51167928.61,56981368.79,60538135.59,62693669.53,69338015.54,72278136.95,73714747.78,84080789.51
GNI (current US$),NY.GNP.MKTP.CD,Uganda,UGA,4227398877,6085591049,26729090816,28273785413,31865562567,31759208216,28691910589,30021045504,30599853122,31947093834,33392751550,35086225848
GNI (current US$),NY.GNP.MKTP.CD,Ukraine,UKR,83308987673,30319105915,1.80603E+11,1.87717E+11,1.31977E+11,94833346304,94324202682,1.13718E+11,1.32165E+11,1.55795E+11,1.6004E+11,1.95033E+11
GNI (current US$),NY.GNP.MKTP.CD,United Arab Emirates,ARE,..,1.09429E+11,3.8491E+11,4.00681E+11,4.14764E+11,3.72018E+11,3.71352E+11,3.93294E+11,4.28474E+11,4.20059E+11,3.4901E+11,..
GNI (current US$),NY.GNP.MKTP.CD,United Kingdom,GBR,1.11842E+12,1.67058E+12,2.68121E+12,2.73688E+12,3.01043E+12,2.87105E+12,2.63654E+12,2.65451E+12,2.83892E+12,2.85588E+12,2.64385E+12,3.1177E+12
GNI (current US$),NY.GNP.MKTP.CD,United States,USA,5.90229E+12,1.03837E+13,1.66756E+13,1.71883E+13,1.80431E+13,1.86609E+13,1.90205E+13,1.98856E+13,2.09374E+13,2.17645E+13,2.14724E+13,2.36171E+13
GNI (current US$),NY.GNP.MKTP.CD,Uruguay,URY,8960739816,22757044473,47412339247,54466307256,53498427927,50826382338,54576367614,60677167933,60881595997,58272220749,50655049789,54359608744
GNI (current US$),NY.GNP.MKTP.CD,Uzbekistan,UZB,..,13541513969,68310411486,74402141171,81960280200,87622913322,86990975002,63294217514,54140688878,60644519146,59702701802,69434897836
GNI (current US$),NY.GNP.MKTP.CD,Vanuatu,VUT,167478577.2,259048310.4,704726363.5,757991099.2,784483866,743900346.1,798348793.7,882373517,941313836.5,1015445239,985206873.8,1049443084
GNI (current US$),NY.GNP.MKTP.CD,"Venezuela, RB",VEN,47824453092,1.15747E+11,3.71208E+11,3.59262E+11,4.76934E+11,..,..,..,..,..,..,..
GNI (current US$),NY.GNP.MKTP.CD,Vietnam,VNM,6059727465,30725942358,1.89362E+11,2.06372E+11,2.24606E+11,2.27117E+11,2.42953E+11,2.64356E+11,2.94286E+11,3.17567E+11,3.31798E+11,3.47388E+11
GNI (current US$),NY.GNP.MKTP.CD,Virgin Islands (U.S.),VIR,..,..,..,..,..,..,..,..,..,..,..,..
GNI (current US$),NY.GNP.MKTP.CD,West Bank and Gaza,PSE,..,4819100000,13065900000,14675800000,15472300000,15684800000,17301100000,18257000000,19063900000,20164700000,18024400000,21434600000
GNI (current US$),NY.GNP.MKTP.CD,"Yemen, Rep.",YEM,5611241366,8878775938,33831680716,38599633436,40607585321,41099139151,31253705293,26801829853,21589554090,..,..,..
GNI (current US$),NY.GNP.MKTP.CD,Zambia,ZMB,3005240580,3444564099,25071084452,26888392774,26589065800,20839208733,20311304651,24726787497,25904785013,22904080807,17601655546,20225790733
GNI (current US$),NY.GNP.MKTP.CD,Zimbabwe,ZWE,7031809762,4364369600,15245882380,17220872390,17300432230,17604879510,18002592270,15593754987,33442898975,21487836444,21031595049,27672250575
GNI (current US$),NY.GNP.MKTP.CD,Africa Eastern and Southern,AFE,2.35182E+11,2.71382E+11,9.35379E+11,9.43667E+11,9.6602E+11,8.92979E+11,8.59815E+11,9.89646E+11,9.76376E+11,9.71896E+11,9.05027E+11,1.04932E+12
GNI (current US$),NY.GNP.MKTP.CD,Africa Western and Central,AFW,1.14944E+11,1.24245E+11,6.88943E+11,7.79733E+11,8.59059E+11,7.44748E+11,6.71664E+11,6.59374E+11,7.33477E+11,7.66096E+11,7.56339E+11,8.06929E+11
GNI (current US$),NY.GNP.MKTP.CD,Arab World,ARB,7.31545E+11,7.96751E+11,2.76817E+12,2.82993E+12,2.89035E+12,2.54574E+12,2.52998E+12,2.60973E+12,2.80059E+12,2.81448E+12,2.50529E+12,..
GNI (current US$),NY.GNP.MKTP.CD,Caribbean small states,CSS,16851397678,32963701095,70479397124,72446024843,73718545531,73834118512,68704687180,71733194577,73123868753,74502435405,63111311260,72927297563
GNI (current US$),NY.GNP.MKTP.CD,Central Europe and the Baltics,CEB,..,4.22053E+11,1.31091E+12,1.37259E+12,1.4162E+12,1.24728E+12,1.27083E+12,1.41153E+12,1.5925E+12,1.61877E+12,1.6176E+12,1.839E+12
GNI (current US$),NY.GNP.MKTP.CD,Early-demographic dividend,EAR,1.80091E+12,3.30199E+12,1.00378E+13,1.01668E+13,1.05355E+13,1.0032E+13,1.03336E+13,1.11666E+13,1.12834E+13,1.14938E+13,1.07271E+13,1.24439E+13
GNI (current US$),NY.GNP.MKTP.CD,East Asia & Pacific,EAS,4.73975E+12,8.39952E+12,2.12451E+13,2.14226E+13,2.22E+13,2.20453E+13,2.28192E+13,2.4405E+13,2.64974E+13,2.70839E+13,2.71345E+13,3.08646E+13
GNI (current US$),NY.GNP.MKTP.CD,East Asia & Pacific (excluding high income),EAP,6.5814E+11,1.70568E+12,1.07034E+13,1.17507E+13,1.27716E+13,1.32354E+13,1.35156E+13,1.48131E+13,1.65279E+13,1.71176E+13,1.73289E+13,2.05165E+13
GNI (current US$),NY.GNP.MKTP.CD,East Asia & Pacific (IDA & IBRD countries),TEA,6.57309E+11,1.70353E+12,1.06899E+13,1.17359E+13,1.27555E+13,1.32187E+13,1.34986E+13,1.47944E+13,1.65071E+13,1.7096E+13,1.7307E+13,2.04906E+13
GNI (current US$),NY.GNP.MKTP.CD,Euro area,EMU,5.92386E+12,6.505E+12,1.27072E+13,1.32796E+13,1.35846E+13,1.16886E+13,1.20174E+13,1.27281E+13,1.37976E+13,1.34849E+13,1.31125E+13,1.46763E+13
GNI (current US$),NY.GNP.MKTP.CD,Europe & Central Asia,ECS,8.91621E+12,1.00663E+13,2.2381E+13,2.33715E+13,2.36977E+13,2.03775E+13,2.03257E+13,2.15835E+13,2.31391E+13,2.28528E+13,2.20302E+13,2.50803E+13
GNI (current US$),NY.GNP.MKTP.CD,Europe & Central Asia (excluding high income),ECA,8.89471E+11,6.48788E+11,3.80334E+12,4.02637E+12,3.73908E+12,2.85989E+12,2.71266E+12,3.04087E+12,3.10063E+12,3.15214E+12,2.91829E+12,3.42224E+12
GNI (current US$),NY.GNP.MKTP.CD,Europe & Central Asia (IDA & IBRD countries),TEC,1.0095E+12,8.78794E+11,4.51137E+12,4.76828E+12,4.51394E+12,3.54568E+12,3.39874E+12,3.80662E+12,3.96553E+12,4.03312E+12,3.80209E+12,4.419E+12
GNI (current US$),NY.GNP.MKTP.CD,European Union,EUU,6.51466E+12,7.27408E+12,1.46873E+13,1.53606E+13,1.57057E+13,1.3539E+13,1.39034E+13,1.47851E+13,1.60495E+13,1.57358E+13,1.53833E+13,1.72657E+13
GNI (current US$),NY.GNP.MKTP.CD,Fragile and conflict affected situations,FCS,6.12131E+11,4.8351E+11,1.837E+12,1.89788E+12,2.03522E+12,1.63169E+12,1.53336E+12,1.61792E+12,1.69637E+12,1.7657E+12,1.63983E+12,1.74409E+12
GNI (current US$),NY.GNP.MKTP.CD,Heavily indebted poor countries (HIPC),HPC,1.51811E+11,1.65637E+11,5.79079E+11,6.41421E+11,6.97612E+11,6.78791E+11,7.13306E+11,7.86169E+11,7.4963E+11,7.759E+11,7.82177E+11,8.63604E+11
GNI (current US$),NY.GNP.MKTP.CD,High income,HIC,1.89433E+13,2.79622E+13,4.99273E+13,5.04776E+13,5.16978E+13,4.87456E+13,4.96734E+13,5.20452E+13,5.52866E+13,5.57753E+13,5.43733E+13,6.02956E+13
GNI (current US$),NY.GNP.MKTP.CD,IBRD only,IBD,3.4725E+12,5.71878E+12,2.48651E+13,2.61965E+13,2.72228E+13,2.55097E+13,2.5681E+13,2.84052E+13,3.01447E+13,3.08092E+13,2.96276E+13,3.48981E+13
GNI (current US$),NY.GNP.MKTP.CD,IDA & IBRD total,IBT,3.84473E+12,6.22288E+12,2.66165E+13,2.80939E+13,2.92906E+13,2.75349E+13,2.7757E+13,3.05643E+13,3.23847E+13,3.3114E+13,3.19184E+13,3.7397E+13
GNI (current US$),NY.GNP.MKTP.CD,IDA blend,IDB,1.38581E+11,1.94165E+11,8.76538E+11,9.51938E+11,1.0458E+12,9.91923E+11,9.59222E+11,9.38232E+11,1.02077E+12,1.0178E+12,9.75524E+11,1.06811E+12
GNI (current US$),NY.GNP.MKTP.CD,IDA only,IDX,2.51108E+11,3.11995E+11,8.74809E+11,9.45466E+11,1.02197E+12,1.03222E+12,1.11532E+12,1.22046E+12,1.21932E+12,1.28698E+12,1.31447E+12,1.43108E+12
GNI (current US$),NY.GNP.MKTP.CD,IDA total,IDA,3.86245E+11,5.04986E+11,1.75134E+12,1.8974E+12,2.06777E+12,2.02414E+12,2.07454E+12,2.15869E+12,2.24009E+12,2.30478E+12,2.29E+12,2.49922E+12
GNI (current US$),NY.GNP.MKTP.CD,Late-demographic dividend,LTE,1.93185E+12,3.31034E+12,1.72937E+13,1.86266E+13,1.94673E+13,1.8226E+13,1.82761E+13,2.03184E+13,2.22074E+13,2.2648E+13,2.20942E+13,2.61025E+13
GNI (current US$),NY.GNP.MKTP.CD,Latin America & Caribbean,LCN,1.05911E+12,2.21173E+12,5.94584E+12,6.11445E+12,6.24043E+12,5.21416E+12,5.08299E+12,5.64866E+12,5.49027E+12,5.41177E+12,4.55193E+12,5.22583E+12
GNI (current US$),NY.GNP.MKTP.CD,Latin America & Caribbean (excluding high income),LAC,9.29432E+11,1.91745E+12,5.111E+12,5.26419E+12,5.28588E+12,4.49788E+12,4.36296E+12,4.86618E+12,4.69647E+12,4.63274E+12,3.87303E+12,4.43093E+12
GNI (current US$),NY.GNP.MKTP.CD,Latin America & the Caribbean (IDA & IBRD countries),TLA,1.00095E+12,2.12197E+12,5.7745E+12,5.93827E+12,6.06002E+12,5.02526E+12,4.88888E+12,5.44904E+12,5.28819E+12,5.20112E+12,4.36401E+12,5.01873E+12
GNI (current US$),NY.GNP.MKTP.CD,Least developed countries: UN classification,LDC,1.73562E+11,2.12301E+11,8.28236E+11,8.99736E+11,9.68334E+11,9.44092E+11,9.86463E+11,1.09409E+12,1.08057E+12,1.13426E+12,1.15429E+12,1.25694E+12
GNI (current US$),NY.GNP.MKTP.CD,Low & middle income,LMY,3.66291E+12,5.79608E+12,2.52724E+13,2.67075E+13,2.77726E+13,2.63395E+13,2.65557E+13,2.92299E+13,3.0919E+13,3.16459E+13,3.05064E+13,3.57666E+13
GNI (current US$),NY.GNP.MKTP.CD,Low income,LIC,1.92024E+11,1.79534E+11,4.25341E+11,4.33204E+11,4.65025E+11,4.62779E+11,4.62897E+11,5.1515E+11,4.42819E+11,4.64995E+11,4.52763E+11,4.86422E+11
GNI (current US$),NY.GNP.MKTP.CD,Lower middle income,LMC,1.02555E+12,1.48594E+12,6.25244E+12,6.34967E+12,6.63763E+12,6.47782E+12,6.81543E+12,7.33193E+12,7.5131E+12,7.82092E+12,7.52612E+12,8.60701E+12
GNI (current US$),NY.GNP.MKTP.CD,Middle East & North Africa,MEA,8.20135E+11,1.023E+12,3.60929E+12,3.55325E+12,3.58874E+12,3.17024E+12,3.20455E+12,3.32766E+12,3.47949E+12,3.46736E+12,3.12891E+12,..
GNI (current US$),NY.GNP.MKTP.CD,Middle East & North Africa (excluding high income),MNA,..,5.0293E+11,1.74217E+12,1.59672E+12,1.58227E+12,1.42415E+12,1.46647E+12,1.45514E+12,1.37778E+12,1.37654E+12,1.25574E+12,1.47211E+12
GNI (current US$),NY.GNP.MKTP.CD,Middle East & North Africa (IDA & IBRD countries),TMN,..,4.98064E+11,1.72911E+12,1.58204E+12,1.56679E+12,1.40847E+12,1.44917E+12,1.43689E+12,1.35872E+12,1.35638E+12,1.23772E+12,1.45067E+12
GNI (current US$),NY.GNP.MKTP.CD,Middle income,MIC,3.51652E+12,5.62236E+12,2.48486E+13,2.62751E+13,2.7309E+13,2.58789E+13,2.60948E+13,2.87172E+13,3.04748E+13,3.118E+13,3.00529E+13,3.52767E+13
GNI (current US$),NY.GNP.MKTP.CD,North America,NAC,6.47954E+12,1.11134E+13,1.84782E+13,1.90136E+13,1.98263E+13,2.02005E+13,2.05369E+13,2.15213E+13,2.26408E+13,2.34917E+13,2.31065E+13,2.55989E+13
GNI (current US$),NY.GNP.MKTP.CD,Not classified,INX,..,..,..,..,..,..,..,..,..,..,..,..
GNI (current US$),NY.GNP.MKTP.CD,OECD members,OED,1.872E+13,2.78221E+13,4.91223E+13,4.96942E+13,5.08433E+13,4.78896E+13,4.8702E+13,5.09256E+13,5.38531E+13,5.43747E+13,5.2964E+13,5.87639E+13
GNI (current US$),NY.GNP.MKTP.CD,Other small states,OSS,54090368049,86372469705,3.89734E+11,4.11264E+11,4.25409E+11,3.59172E+11,3.55215E+11,3.87783E+11,4.26276E+11,4.17784E+11,3.64887E+11,4.35334E+11
GNI (current US$),NY.GNP.MKTP.CD,Pacific island small states,PSS,2441495172,3569716190,8126794976,8678093374,9293273860,9133935300,9527216119,10151923973,10722387296,10737153462,9711281165,9712013932
GNI (current US$),NY.GNP.MKTP.CD,Post-demographic dividend,PST,1.83299E+13,2.66307E+13,4.63876E+13,4.67645E+13,4.78218E+13,4.51851E+13,4.60754E+13,4.81489E+13,5.10107E+13,5.15269E+13,5.03147E+13,5.56662E+13
GNI (current US$),NY.GNP.MKTP.CD,Pre-demographic dividend,PRE,3.83646E+11,2.56336E+11,1.27467E+12,1.39202E+12,1.5033E+12,1.28954E+12,1.1881E+12,1.25659E+12,1.3023E+12,1.3521E+12,1.26469E+12,1.37453E+12
GNI (current US$),NY.GNP.MKTP.CD,Small states,SST,73178088375,1.22935E+11,4.68346E+11,4.92389E+11,5.08419E+11,4.42175E+11,4.3347E+11,4.69684E+11,5.10141E+11,5.03041E+11,4.37725E+11,5.1764E+11
GNI (current US$),NY.GNP.MKTP.CD,South Asia,SAS,4.03035E+11,6.25585E+11,2.28753E+12,2.34597E+12,2.56928E+12,2.68652E+12,2.96875E+12,3.40797E+12,3.50999E+12,3.63288E+12,3.45896E+12,4.05449E+12
GNI (current US$),NY.GNP.MKTP.CD,South Asia (IDA & IBRD),TSA,4.03035E+11,6.25585E+11,2.28753E+12,2.34597E+12,2.56928E+12,2.68652E+12,2.96875E+12,3.40797E+12,3.50999E+12,3.63288E+12,3.45896E+12,4.05449E+12
GNI (current US$),NY.GNP.MKTP.CD,Sub-Saharan Africa,SSF,3.50276E+11,3.95015E+11,1.6241E+12,1.7234E+12,1.82508E+12,1.63773E+12,1.53148E+12,1.64902E+12,1.70985E+12,1.73799E+12,1.66137E+12,1.85625E+12
GNI (current US$),NY.GNP.MKTP.CD,Sub-Saharan Africa (excluding high income),SSA,3.49924E+11,3.94429E+11,1.62311E+12,1.72215E+12,1.82379E+12,1.63642E+12,1.53012E+12,1.64758E+12,1.70834E+12,1.73642E+12,1.66017E+12,1.85488E+12
GNI (current US$),NY.GNP.MKTP.CD,Sub-Saharan Africa (IDA & IBRD countries),TSS,3.50276E+11,3.95015E+11,1.6241E+12,1.7234E+12,1.82508E+12,1.63773E+12,1.53148E+12,1.64902E+12,1.70985E+12,1.73799E+12,1.66137E+12,1.85625E+12
GNI (current US$),NY.GNP.MKTP.CD,Upper middle income,UMC,2.49492E+12,4.1368E+12,1.85962E+13,1.99254E+13,2.06713E+13,1.94011E+13,1.92794E+13,2.13852E+13,2.29617E+13,2.3359E+13,2.25268E+13,2.66712E+13
GNI (current US$),NY.GNP.MKTP.CD,World,WLD,2.26461E+13,3.38661E+13,7.55706E+13,7.75443E+13,7.99475E+13,7.53454E+13,7.64931E+13,8.1557E+13,8.65047E+13,8.77246E+13,8.51745E+13,9.64197E+13
,,,,,,,,,,,,,,,
,,,,,,,,,,,,,,,
,,,,,,,,,,,,,,,
Data from database: World Development Indicators,,,,,,,,,,,,,,,
Last Updated: 12/22/2022,,,,,,,,,,,,,,,
